PassengerId,Survived,Pclass,Name,Sex,Age,SibSp,Parch,Ticket,Fare,Cabin,Embarked
1,0,3rd,Nur binti Khadijah Amirah,male,22,1,0,A/5 21171,7.25,,Tanah Merah
2,1,1st,Ravi Sharma,female,38,1,0,PC 17599,71.2833,C85,Changi
3,1,3rd,Toh Lei Tao,female,26,0,0,STON/O2. 3101282,7.925,,Tanah Merah
4,1,1st,Zeng Wei Jie,female,35,1,0,113803,53.1,C123,Tanah Merah
5,0,3rd,Ahn Donghae,male,35,0,0,373450,8.05,,Tanah Merah
6,0,3rd,Ng Yong Jie,male,,0,0,330877,8.4583,,Pasir Panjang
7,0,1st,Elena Flores,male,54,0,0,17463,51.8625,E46,Tanah Merah
8,0,3rd,Prasert Chaiyaporn,male,2,3,1,349909,21.075,,Tanah Merah
9,1,3rd,Lim Wei Hao,female,27,0,2,347742,11.1333,,Tanah Merah
10,1,2nd,Yeo Jia Hong,female,14,1,0,237736,30.0708,,Changi
11,1,3rd,Teresa Rios,female,4,1,1,PP 9549,16.7,G6,Tanah Merah
12,1,1st,Kiran binti Nur Khadijah,female,58,0,0,113783,26.55,C103,Tanah Merah
13,0,3rd,Ahmad bin Sulaiman Rahman,male,20,0,0,A/5. 2151,8.05,,Tanah Merah
14,0,3rd,Teo Ming Wei,male,39,1,5,347082,31.275,,Tanah Merah
15,0,3rd,Sim Kai Ming,female,14,0,0,350406,7.8542,,Tanah Merah
16,1,2nd,Anjali Bhatia,female,55,0,0,248706,16,,Tanah Merah
17,0,3rd,Pun De Kang,male,2,4,1,382652,29.125,,Pasir Panjang
18,1,2nd,Tran Thi P,male,,0,0,244373,13,,Tanah Merah
19,0,3rd,Sarawut Chaiyaporn,female,31,1,0,345763,18,,Tanah Merah
20,1,3rd,Rajeev Kumar,female,,0,0,2649,7.225,,Changi
21,0,2nd,Carmela Soto,male,35,0,0,239865,26,,Tanah Merah
22,1,2nd,Tan Kai Hong,male,34,0,0,248698,13,D56,Tanah Merah
23,1,3rd,Vishal s/o Rajesh Nair,female,15,0,0,330923,8.0292,,Pasir Panjang
24,1,1st,Somchai Naksuwan,male,28,0,0,113788,35.5,A6,Tanah Merah
25,0,3rd,Wichai Chaiyaporn,female,8,3,1,349909,21.075,,Tanah Merah
26,1,3rd,Yeo Ming Wei,female,38,1,5,347077,31.3875,,Tanah Merah
27,0,3rd,Goh Li Hong,male,,0,0,2631,7.225,,Changi
28,0,1st,Somsri Naksuwan,male,19,3,2,19950,263,C23 C25 C27,Tanah Merah
29,1,3rd,Kiran Kumar,female,,0,0,330959,7.8792,,Pasir Panjang
30,0,3rd,Sim Wei Feng,male,,0,0,349216,7.8958,,Tanah Merah
31,0,1st,Goh Kai Ming,male,40,0,0,PC 17601,27.7208,,Changi
32,1,1st,Lakshmi d/o Anil Iyer,female,,1,0,PC 17569,146.5208,B78,Changi
33,1,3rd,Hendra Gunawan,female,,0,0,335677,7.75,,Pasir Panjang
34,0,2nd,Somsak Srisai,male,66,0,0,C.A. 24579,10.5,,Tanah Merah
35,0,1st,Tran Thi AT,male,28,1,0,PC 17604,82.1708,,Changi
36,0,1st,Wong Zhi Hao,male,42,1,0,113789,52,,Tanah Merah
37,1,3rd,Ravi s/o Kumar Menon,male,,0,0,2677,7.2292,,Changi
38,0,3rd,Wichai Chaiyaporn,male,21,0,0,A./5. 2152,8.05,,Tanah Merah
39,0,3rd,Lina binti Azmi Khairul,female,18,2,0,345764,18,,Tanah Merah
40,1,3rd,Prasert Chaiyaporn,female,14,1,0,2651,11.2417,,Changi
41,0,3rd,Amirah binti Syafirah Nur,female,40,1,0,7546,9.475,,Tanah Merah
42,0,2nd,Jose Gonzales,female,27,1,0,11668,21,,Tanah Merah
43,0,3rd,Sita d/o Mohan Pillai,male,,0,0,349253,7.8958,,Changi
44,1,2nd,Mio Saito,female,3,1,2,SC/Paris 2123,41.5792,,Changi
45,1,3rd,Anu d/o Kumar Menon,female,19,0,0,330958,7.8792,,Pasir Panjang
46,0,3rd,Wong Jia Hui,male,,0,0,S.C./A.4. 23567,8.05,,Tanah Merah
47,0,3rd,Lim Jia Hui,male,,1,0,370371,15.5,,Pasir Panjang
48,1,3rd,Felix Miranda,female,,0,0,14311,7.75,,Pasir Panjang
49,0,3rd,Agus Setiawan,male,,2,0,2662,21.6792,,Changi
50,0,3rd,Teo Kai Ming,female,18,1,0,349237,17.8,,Tanah Merah
51,0,3rd,Ming Hao Fang,male,7,4,1,3101295,39.6875,,Tanah Merah
52,0,3rd,Luz Reyes,male,21,0,0,A/4. 39886,7.8,,Tanah Merah
53,1,1st,Yeo Li Wei,female,49,1,0,PC 17572,76.7292,D33,Changi
54,1,2nd,Yeo Li Hui,female,29,1,0,2926,26,,Tanah Merah
55,0,1st,Hikari Inoue,male,65,0,1,113509,61.9792,B30,Changi
56,1,1st,Somsri Naksuwan,male,,0,0,19947,35.5,C52,Tanah Merah
57,1,2nd,Vikram s/o Suresh Pillai,female,21,0,0,C.A. 31026,10.5,,Tanah Merah
58,0,3rd,Ko Zaw,male,28.5,0,0,2697,7.2292,,Changi
59,1,2nd,Le Van AG,female,5,1,2,C.A. 34651,27.75,,Tanah Merah
60,0,3rd,Nguyen Van AU,male,11,5,2,CA 2144,46.9,,Tanah Merah
61,0,3rd,Lei Ming Hao,male,22,0,0,2669,7.2292,,Changi
62,1,1st,Siddharth s/o Mohan Menon,female,38,0,0,113572,80,B28,
63,0,1st,Carmen Rodriguez,male,45,1,0,36973,83.475,C83,Tanah Merah
64,0,3rd,Shweta d/o Kumar Iyer,male,4,3,2,347088,27.9,,Tanah Merah
65,0,1st,Aisyah binti Ismail Yusof,male,,0,0,PC 17605,27.7208,,Changi
66,1,3rd,Tina binti Nazir Azmi,male,,1,1,2661,15.2458,,Changi
67,1,2nd,Haji bin Siti Rahman,female,29,0,0,C.A. 29395,10.5,F33,Tanah Merah
68,0,3rd,Teo Jun Xuan,male,19,0,0,S.P. 3464,8.1583,,Tanah Merah
69,1,3rd,Rohan s/o Rajesh Iyer,female,17,4,2,3101281,7.925,,Tanah Merah
70,0,3rd,Sanjay Mehta,male,26,2,0,315151,8.6625,,Tanah Merah
71,0,2nd,Suresh Verma,male,32,0,0,C.A. 33111,10.5,,Tanah Merah
72,0,3rd,Yeo Ming Hao,female,16,5,2,CA 2144,46.9,,Tanah Merah
73,0,2nd,Nitin Malhotra,male,21,0,0,S.O.C. 14879,73.5,,Tanah Merah
74,0,3rd,Tan Jia Hui,male,26,1,0,2680,14.4542,,Changi
75,1,3rd,Rina d/o Rajesh Pillai,male,32,0,0,1601,56.4958,,Tanah Merah
76,0,3rd,Lee Ming Jie,male,25,0,0,348123,7.65,F G73,Tanah Merah
77,0,3rd,Sarawut Chaiyaporn,male,,0,0,349208,7.8958,,Tanah Merah
78,0,3rd,Hoang Van Y,male,,0,0,374746,8.05,,Tanah Merah
79,1,2nd,Jung Minji,male,0.83,0,2,248738,29,,Tanah Merah
80,1,3rd,Teo Wei Jie,female,30,0,0,364516,12.475,,Tanah Merah
81,0,3rd,Airi Kobayashi,male,22,0,0,345767,9,,Tanah Merah
82,1,3rd,Lei Tao Wei,male,29,0,0,345779,9.5,,Tanah Merah
83,1,3rd,Suresh Verma,female,,0,0,330932,7.7875,,Pasir Panjang
84,0,1st,Sim Jia Hui,male,28,0,0,113059,47.1,,Tanah Merah
85,1,2nd,Teo Kai Ming,female,17,0,0,SO/C 14885,10.5,,Tanah Merah
86,1,3rd,Prasert Chaiyaporn,female,33,3,0,3101278,15.85,,Tanah Merah
87,0,3rd,Chua Wei Ling,male,16,1,3,W./C. 6608,34.375,,Tanah Merah
88,0,3rd,Tan Jia Ming,male,,0,0,SOTON/OQ 392086,8.05,,Tanah Merah
89,1,1st,Raihan bin Haikel Anuar,female,23,3,2,19950,263,C23 C25 C27,Tanah Merah
90,0,3rd,Tran Thi AJ,male,24,0,0,343275,8.05,,Tanah Merah
91,0,3rd,Wong Zhi Wei,male,29,0,0,343276,8.05,,Tanah Merah
92,0,3rd,Ng Yong Liang,male,20,0,0,347466,7.8542,,Tanah Merah
93,0,1st,Putri binti Kiran Amirah,male,46,1,0,W.E.P. 5734,61.175,E31,Tanah Merah
94,0,3rd,Khadijah binti Amirah Aqsa,male,26,1,2,C.A. 2315,20.575,,Tanah Merah
95,0,3rd,Ng Yong Sheng,male,59,0,0,364500,7.25,,Tanah Merah
96,0,3rd,Rajesh Singh,male,,0,0,374910,8.05,,Tanah Merah
97,0,1st,Hikari Inoue,male,71,0,0,PC 17754,34.6542,A5,Changi
98,1,1st,Sanjay Mehta,male,23,0,1,PC 17759,63.3583,D10 D12,Changi
99,1,2nd,Anita Nair,female,34,0,1,231919,23,,Tanah Merah
100,0,2nd,Yim Kyung,male,34,1,0,244367,26,,Tanah Merah
101,0,3rd,Goh Li Jie,female,28,0,0,349245,7.8958,,Tanah Merah
102,0,3rd,Aruna Singh,male,,0,0,349215,7.8958,,Tanah Merah
103,0,1st,Teo Jun Ming,male,21,0,1,35281,77.2875,D26,Tanah Merah
104,0,3rd,Latha d/o Kumar Nair,male,33,0,0,7540,8.6542,,Tanah Merah
105,0,3rd,Zeng Yong Quan,male,37,2,0,3101276,7.925,,Tanah Merah
106,0,3rd,Amirah binti Kiran Syafirah,male,28,0,0,349207,7.8958,,Tanah Merah
107,1,3rd,Chang Sooyoung,female,21,0,0,343120,7.65,,Tanah Merah
108,1,3rd,Salmah binti Mohd Ali,male,,0,0,312991,7.775,,Tanah Merah
109,0,3rd,Alya binti Khairul Haikel,male,38,0,0,349249,7.8958,,Tanah Merah
110,1,3rd,Chen Wei Feng,female,,1,0,371110,24.15,,Pasir Panjang
111,0,1st,Sanjay Chawla,male,47,0,0,110465,52,C110,Tanah Merah
112,0,3rd,Somsri Naksuwan,female,14.5,1,0,2665,14.4542,,Changi
113,0,3rd,Anuar bin Nazir Azmi,male,22,0,0,324669,8.05,,Tanah Merah
114,0,3rd,Chen Wei Ming,female,20,1,0,4136,9.825,,Tanah Merah
115,0,3rd,Nina binti Anuar Haikel,female,17,0,0,2627,14.4583,,Changi
116,0,3rd,Eko Santoso,male,21,0,0,STON/O 2. 3101294,7.925,,Tanah Merah
117,0,3rd,Hoang Thi J,male,70.5,0,0,370369,7.75,,Pasir Panjang
118,0,2nd,Rahul Agarwal,male,29,1,0,11668,21,,Tanah Merah
119,0,1st,Haji Ali bin Siti Zainab,male,24,0,1,PC 17558,247.5208,B58 B60,Changi
120,0,3rd,Chen Wei Hong,female,2,4,2,347082,31.275,,Tanah Merah
121,0,2nd,Nur binti Khadijah Amirah,male,21,2,0,S.O.C. 14879,73.5,,Tanah Merah
122,0,3rd,Yeo Ming Hui,male,,0,0,A4. 54510,8.05,,Tanah Merah
123,0,2nd,Wong Zhi Hao,male,32.5,1,0,237736,30.0708,,Changi
124,1,2nd,Vijay s/o Anil Menon,female,32.5,0,0,27267,13,E101,Tanah Merah
125,0,1st,Fatin binti Amirah Aqsa,male,54,0,1,35281,77.2875,D26,Tanah Merah
126,1,3rd,Ng Ming Wei,male,12,1,0,2651,11.2417,,Changi
127,0,3rd,Amar Joshi,male,,0,0,370372,7.75,,Pasir Panjang
128,1,3rd,Pooja Shah,male,24,0,0,C 17369,7.1417,,Tanah Merah
129,1,3rd,Ng Yong Hui,female,,1,1,2668,22.3583,F E69,Changi
130,0,3rd,Lee Wei Liang,male,45,0,0,347061,6.975,,Tanah Merah
131,0,3rd,Yuna Kato,male,33,0,0,349241,7.8958,,Changi
132,0,3rd,Adriana Navarro,male,20,0,0,SOTON/O.Q. 3101307,7.05,,Tanah Merah
133,0,3rd,Qin Yuan Qiang,female,47,1,0,A/5. 3337,14.5,,Tanah Merah
134,1,2nd,Syafirah binti Amirah Kiran,female,29,1,0,228414,26,,Tanah Merah
135,0,2nd,Haji Hassan bin Siti Aminah,male,25,0,0,C.A. 29178,13,,Tanah Merah
136,0,2nd,Teo Jun Ling,male,23,0,0,SC/PARIS 2133,15.0458,,Changi
137,1,1st,Amirah binti Syafirah Nur,female,19,0,2,11752,26.2833,D47,Tanah Merah
138,0,1st,Putri binti Kiran Amirah,male,37,1,0,113803,53.1,C123,Tanah Merah
139,0,3rd,Goh Li Ling,male,16,0,0,7534,9.2167,,Tanah Merah
140,0,1st,Pun Jie Hao,male,24,0,0,PC 17593,79.2,B86,Changi
141,0,3rd,Goh Li Xuan,female,,0,2,2678,15.2458,,Changi
142,1,3rd,Jorge Valdez,female,22,0,0,347081,7.75,,Tanah Merah
143,1,3rd,Nguyen Van G,female,24,1,0,STON/O2. 3101279,15.85,,Tanah Merah
144,0,3rd,Suresh s/o Anil Menon,male,19,0,0,365222,6.75,,Pasir Panjang
145,0,2nd,Chen Wei Xuan,male,18,0,0,231945,11.5,,Tanah Merah
146,0,2nd,Raihan bin Azmi Nazir,male,19,1,1,C.A. 33112,36.75,,Tanah Merah
147,1,3rd,Nur binti Khadijah Amirah,male,27,0,0,350043,7.7958,,Tanah Merah
148,0,3rd,Lim Wei Hong,female,9,2,2,W./C. 6608,34.375,,Tanah Merah
149,0,2nd,Budi Kurniawan,male,36.5,0,2,230080,26,F2,Tanah Merah
150,0,2nd,Kamilah binti Nur Halizah,male,42,0,0,244310,13,,Tanah Merah
151,0,2nd,Su Htet,male,51,0,0,S.O.P. 1166,12.525,,Tanah Merah
152,1,1st,Sim Jia Xuan,female,22,1,0,113776,66.6,C2,Tanah Merah
153,0,3rd,Neha Reddy,male,55.5,0,0,A.5. 11206,8.05,,Tanah Merah
154,0,3rd,Choo Jun Feng,male,40.5,0,2,A/5. 851,14.5,,Tanah Merah
155,0,3rd,Nguyen Van U,male,,0,0,Fa 265302,7.3125,,Tanah Merah
156,0,1st,Putri Lestari,male,51,0,1,PC 17597,61.3792,,Changi
157,1,3rd,Qiang Lei Ming,female,16,0,0,35851,7.7333,,Pasir Panjang
158,0,3rd,Ng Yong Xuan,male,30,0,0,SOTON/OQ 392090,8.05,,Tanah Merah
159,0,3rd,Yeo Jia Xuan,male,,0,0,315037,8.6625,,Tanah Merah
160,0,3rd,Huda binti Halizah Khadijah,male,,8,2,CA. 2343,69.55,,Tanah Merah
161,0,3rd,Amit Sharma,male,44,0,1,371362,16.1,,Tanah Merah
162,1,2nd,Jannah binti Kiran Nur,female,40,0,0,C.A. 33595,15.75,,Tanah Merah
163,0,3rd,Aqsa binti Halizah Khadijah,male,26,0,0,347068,7.775,,Tanah Merah
164,0,3rd,Fang Li Ming,male,17,0,0,315093,8.6625,,Tanah Merah
165,0,3rd,Phyu Win,male,1,4,1,3101295,39.6875,,Tanah Merah
166,1,3rd,Raj Kapoor,male,9,0,2,363291,20.525,,Tanah Merah
167,1,1st,Noppadol Thongdee,female,,0,1,113505,55,E33,Tanah Merah
168,0,3rd,Chua Jun Hong,female,45,1,4,347088,27.9,,Tanah Merah
169,0,1st,Jie Hao Fang,male,,0,0,PC 17318,25.925,,Tanah Merah
170,0,3rd,Sim Zhi Wei,male,28,0,0,1601,56.4958,,Tanah Merah
171,0,1st,Lim Wei Feng,male,61,0,0,111240,33.5,B19,Tanah Merah
172,0,3rd,Teo Wei Xuan,male,4,4,1,382652,29.125,,Pasir Panjang
173,1,3rd,Ng Wei Sheng,female,1,1,1,347742,11.1333,,Tanah Merah
174,0,3rd,Agus Santoso,male,21,0,0,STON/O 2. 3101280,7.925,,Tanah Merah
175,0,1st,Farah binti Anuar Haikel,male,56,0,0,17764,30.6958,A7,Changi
176,0,3rd,Wong Kai Hao,male,18,1,1,350404,7.8542,,Tanah Merah
177,0,3rd,Zaitun binti Abdul Rahman,male,,3,1,4133,25.4667,,Tanah Merah
178,0,1st,Hadi Nugroho,female,50,0,0,PC 17595,28.7125,C49,Changi
179,0,2nd,Kang Jiwoo,male,30,0,0,250653,13,,Tanah Merah
180,0,3rd,Wong Kai Ming,male,36,0,0,LINE,0,,Tanah Merah
181,0,3rd,Pooja Iyer,female,,8,2,CA. 2343,69.55,,Tanah Merah
182,0,2nd,Myo Aung,male,,0,0,SC/PARIS 2131,15.05,,Changi
183,0,3rd,Oli binti Syafirah Nur,male,9,4,2,347077,31.3875,,Tanah Merah
184,1,2nd,Sinta Purnama,male,1,2,1,230136,39,F4,Tanah Merah
185,1,3rd,Vijay s/o Anil Menon,female,4,0,2,315153,22.025,,Tanah Merah
186,0,1st,Dewi Anggraini,male,,0,0,113767,50,A32,Tanah Merah
187,1,3rd,Siti binti Sulaiman Rahman,female,,1,0,370365,15.5,,Pasir Panjang
188,1,1st,Tan Jia Hui,male,45,0,0,111428,26.55,,Tanah Merah
189,0,3rd,Htet Aung,male,40,1,1,364849,15.5,,Pasir Panjang
190,0,3rd,Meena d/o Rajesh Iyer,male,36,0,0,349247,7.8958,,Tanah Merah
191,1,2nd,Nadia binti Nur Khadijah,female,32,0,0,234604,13,,Tanah Merah
192,0,2nd,Vikas Desai,male,19,0,0,28424,13,,Tanah Merah
193,1,3rd,Nina binti Anuar Haikel,female,19,1,0,350046,7.8542,,Tanah Merah
194,1,2nd,Syafiq bin Anuar Haikel,male,3,1,1,230080,26,F2,Tanah Merah
195,1,1st,Amita Chawla,female,44,0,0,PC 17610,27.7208,B4,Changi
196,1,1st,Lim Jia Wei,female,58,0,0,PC 17569,146.5208,B80,Changi
197,0,3rd,Anjali d/o Suresh Nair,male,,0,0,368703,7.75,,Pasir Panjang
198,0,3rd,Sara binti Nazir Azmi,male,42,0,1,4579,8.4042,,Tanah Merah
199,1,3rd,Sarawut Chaiyaporn,female,,0,0,370370,7.75,,Pasir Panjang
200,0,2nd,Chua Ming Wei,female,24,0,0,248747,13,,Tanah Merah
201,0,3rd,Ahmad bin Abdullah Rahman,male,28,0,0,345770,9.5,,Tanah Merah
202,0,3rd,Chen Wei Xuan,male,,8,2,CA. 2343,69.55,,Tanah Merah
203,0,3rd,Khairul bin Azmi Khairul,male,34,0,0,3101264,6.4958,,Tanah Merah
204,0,3rd,Rajesh s/o Suresh Nair,male,45.5,0,0,2628,7.225,,Changi
205,1,3rd,Ahmad bin Abdullah Rahman,male,18,0,0,A/5 3540,8.05,,Tanah Merah
206,0,3rd,Wong Zhi Hong,female,2,0,1,347054,10.4625,G6,Tanah Merah
207,0,3rd,Prasert Chaiyaporn,male,32,1,0,3101278,15.85,,Tanah Merah
208,1,3rd,Lakshmi d/o Anil Iyer,male,26,0,0,2699,18.7875,,Changi
209,1,3rd,Goh Li Hao,female,16,0,0,367231,7.75,,Pasir Panjang
210,1,1st,Lim Kai Ling,male,40,0,0,112277,31,A31,Changi
211,0,3rd,May Zin,male,24,0,0,SOTON/O.Q. 3101311,7.05,,Tanah Merah
212,1,2nd,Sunita Rana,female,35,0,0,F.C.C. 13528,21,,Tanah Merah
213,0,3rd,Sakura Ito,male,22,0,0,A/5 21174,7.25,,Tanah Merah
214,0,2nd,Ong Ming De,male,30,0,0,250646,13,,Tanah Merah
215,0,3rd,Salmah binti Mohd Ali,male,,1,0,367229,7.75,,Pasir Panjang
216,1,1st,Sim Jia Hong,female,31,1,0,35273,113.275,D36,Changi
217,1,3rd,Dewi Dewi,female,27,0,0,STON/O2. 3101283,7.925,,Tanah Merah
218,0,2nd,Teo Jun Jie,male,42,1,0,243847,27,,Tanah Merah
219,1,1st,Syafirah binti Kiran Nur,female,32,0,0,11813,76.2917,D15,Changi
220,0,2nd,Chen Wei Hong,male,30,0,0,W/C 14208,10.5,,Tanah Merah
221,1,3rd,Noppadol Thongdee,male,16,0,0,SOTON/OQ 392089,8.05,,Tanah Merah
222,0,2nd,Chen Wei Kai,male,27,0,0,220367,13,,Tanah Merah
223,0,3rd,Tan Wei Ming,male,51,0,0,21440,8.05,,Tanah Merah
224,0,3rd,Tan Kai Xin,male,,0,0,349234,7.8958,,Tanah Merah
225,1,1st,Kavya d/o Kumar Menon,male,38,1,0,19943,90,C93,Tanah Merah
226,0,3rd,Qin Kai Ming,male,22,0,0,PP 4348,9.35,,Tanah Merah
227,1,2nd,Geeta d/o Suresh Iyer,male,19,0,0,SW/PP 751,10.5,,Tanah Merah
228,0,3rd,Vishal s/o Rajesh Nair,male,20.5,0,0,A/5 21173,7.25,,Tanah Merah
229,0,2nd,Ng Ming Wei,male,18,0,0,236171,13,,Tanah Merah
230,0,3rd,Marisol Vargas,female,,3,1,4133,25.4667,,Tanah Merah
231,1,1st,Rohan s/o Mohan Nair,female,35,1,0,36973,83.475,C83,Tanah Merah
232,0,3rd,Daiki Tanaka,male,29,0,0,347067,7.775,,Tanah Merah
233,0,2nd,Nguyen Van K,male,59,0,0,237442,13.5,,Tanah Merah
234,1,3rd,Mio Saito,female,5,4,2,347077,31.3875,,Tanah Merah
235,0,2nd,Yeo Jia Hui,male,24,0,0,C.A. 29566,10.5,,Tanah Merah
236,0,3rd,Lee Jia Hui,female,,0,0,W./C. 6609,7.55,,Tanah Merah
237,0,2nd,Tan Jia Hui,male,44,1,0,26707,26,,Tanah Merah
238,1,2nd,Aishwarya d/o Kumar Nair,female,8,0,2,C.A. 31921,26.25,,Tanah Merah
239,0,2nd,Le Van AQ,male,19,0,0,28665,10.5,,Tanah Merah
240,0,2nd,Yuto Kobayashi,male,33,0,0,SCO/W 1585,12.275,,Tanah Merah
241,0,3rd,Nguyen Van AO,female,,1,0,2665,14.4542,,Changi
242,1,3rd,Goh Kai Ling,female,,1,0,367230,15.5,,Pasir Panjang
243,0,2nd,Umairah binti Azmi Khairul,male,29,0,0,W./C. 14263,10.5,,Tanah Merah
244,0,3rd,Kiran s/o Mohan Menon,male,22,0,0,STON/O 2. 3101275,7.125,,Tanah Merah
245,0,3rd,Rajeev Kumar,male,30,0,0,2694,7.225,,Changi
246,0,1st,Rajesh Singh,male,44,2,0,19928,90,C78,Pasir Panjang
247,0,3rd,Juan Dela Cruz,female,25,0,0,347071,7.775,,Tanah Merah
248,1,2nd,Teo Jun Feng,female,24,0,2,250649,14.5,,Tanah Merah
249,1,1st,Umairah binti Azmi Khairul,male,37,1,1,11751,52.5542,D35,Tanah Merah
250,0,2nd,Tan Kai Ling,male,54,1,0,244252,26,,Tanah Merah
251,0,3rd,Boonmee Thongdee,male,,0,0,362316,7.25,,Tanah Merah
252,0,3rd,Tan Jia Feng,female,29,1,1,347054,10.4625,G6,Tanah Merah
253,0,1st,Khairul bin Azmi Khairul,male,62,0,0,113514,26.55,C87,Tanah Merah
254,0,3rd,Neha d/o Suresh Nair,male,30,1,0,A/5. 3336,16.1,,Tanah Merah
255,0,3rd,Rina Nugroho,female,41,0,2,370129,20.2125,,Tanah Merah
256,1,3rd,Rina Puspita,female,29,0,2,2650,15.2458,,Changi
257,1,1st,Tan Li Wei,female,,0,0,PC 17585,79.2,,Changi
258,1,1st,Haji Ali bin Siti Zainab,female,30,0,0,110152,86.5,B77,Tanah Merah
259,1,1st,Sim Wei Hao,female,35,0,0,PC 17755,512.3292,,Changi
260,1,2nd,Agus Pratama,female,50,0,1,230433,26,,Tanah Merah
261,0,3rd,Farah binti Anuar Haikel,male,,0,0,384461,7.75,,Pasir Panjang
262,1,3rd,Chua Zhi Hao,male,3,4,2,347077,31.3875,,Tanah Merah
263,0,1st,Miyu Suzuki,male,52,1,1,110413,79.65,E67,Tanah Merah
264,0,1st,Lim Jia Feng,male,40,0,0,112059,0,B94,Tanah Merah
265,0,3rd,Umairah binti Azmi Khairul,female,,0,0,382649,7.75,,Pasir Panjang
266,0,2nd,Yeo Ming Jie,male,36,0,0,C.A. 17248,10.5,,Tanah Merah
267,0,3rd,Yeo Ming Jie,male,16,4,1,3101295,39.6875,,Tanah Merah
268,1,3rd,Syafiq bin Anuar Haikel,male,25,1,0,347083,7.775,,Tanah Merah
269,1,1st,Min Zaw,female,58,0,1,PC 17582,153.4625,C125,Tanah Merah
270,1,1st,Tan Kai Xuan,female,35,0,0,PC 17760,135.6333,C99,Tanah Merah
271,0,1st,Vishal s/o Rajesh Nair,male,,0,0,113798,31,,Tanah Merah
272,1,3rd,Wong Zhi Xuan,male,25,0,0,LINE,0,,Tanah Merah
273,1,2nd,Noppadol Thongdee,female,41,0,1,250644,19.5,,Tanah Merah
274,0,1st,Yeo Jia Ming,male,37,0,1,PC 17596,29.7,C118,Changi
275,1,3rd,Zhong Kumar Nivan,female,,0,0,370375,7.75,,Pasir Panjang
276,1,1st,Zaitun binti Abdul Rahman,female,63,1,0,13502,77.9583,D7,Tanah Merah
277,0,3rd,Zubaidah binti Abdul Rahman,female,45,0,0,347073,7.75,,Tanah Merah
278,0,2nd,Hector Acosta,male,,0,0,239853,0,,Tanah Merah
279,0,3rd,Chua Jia Hui,male,7,4,1,382652,29.125,,Pasir Panjang
280,1,3rd,Alok Sharma,female,35,1,1,C.A. 2673,20.25,,Tanah Merah
281,0,3rd,Yeo Kai Ling,male,65,0,0,336439,7.75,,Pasir Panjang
282,0,3rd,Sim Wei Le,male,28,0,0,347464,7.8542,,Tanah Merah
283,0,3rd,Lim Wei Xuan,male,16,0,0,345778,9.5,,Tanah Merah
284,1,3rd,Tin Cheong Liew,male,19,0,0,A/5. 10482,8.05,,Tanah Merah
285,0,1st,Zara binti Khairul Haikel,male,,0,0,113056,26,A19,Tanah Merah
286,0,3rd,Chua Zhi Ming,male,33,0,0,349239,8.6625,,Changi
287,1,3rd,Lee Jia Ling,male,30,0,0,345774,9.5,,Tanah Merah
288,0,3rd,Neha Reddy,male,22,0,0,349206,7.8958,,Tanah Merah
289,1,2nd,Ng Li Wei,male,42,0,0,237798,13,,Tanah Merah
290,1,3rd,Ng Li Wei,female,22,0,0,370373,7.75,,Pasir Panjang
291,1,1st,Phyu Phyu,female,26,0,0,19877,78.85,,Tanah Merah
292,1,1st,Thiri Aung,female,19,1,0,11967,91.0792,B49,Changi
293,0,2nd,Pham Thi D,male,36,0,0,SC/Paris 2163,12.875,D,Changi
294,0,3rd,Yoo Jihoon,female,24,0,0,349236,8.85,,Tanah Merah
295,0,3rd,Nur binti Halizah Khadijah,male,24,0,0,349233,7.8958,,Tanah Merah
296,0,1st,Amirah binti Syafirah Nur,male,,0,0,PC 17612,27.7208,,Changi
297,0,3rd,May Hlaing,male,23.5,0,0,2693,7.2292,,Changi
298,0,1st,Hinata Sato,female,2,1,2,113781,151.55,C22 C26,Tanah Merah
299,1,1st,Wong Kai Wei,male,,0,0,19988,30.5,C106,Tanah Merah
300,1,1st,Meera Choudhary,female,50,0,1,PC 17558,247.5208,B58 B60,Changi
301,1,3rd,Meera d/o Suresh Nair,female,,0,0,9234,7.75,,Pasir Panjang
302,1,3rd,Zakaria bin Haji Hassan,male,,2,0,367226,23.25,,Pasir Panjang
303,0,3rd,Jie Fang Liang,male,19,0,0,LINE,0,,Tanah Merah
304,1,2nd,Zubaidah binti Abdul Rahman,female,,0,0,226593,12.35,E101,Pasir Panjang
305,0,3rd,Hoang Van E,male,,0,0,A/5 2466,8.05,,Tanah Merah
306,1,1st,Noppadol Thongdee,male,0.92,1,2,113781,151.55,C22 C26,Tanah Merah
307,1,1st,Rahul s/o Suresh Menon,female,,0,0,17421,110.8833,,Changi
308,1,1st,Haikel bin Nazir Azmi,female,17,1,0,PC 17758,108.9,C65,Changi
309,0,2nd,Kazuki Yamaguchi,male,30,1,0,P/PP 3381,24,,Changi
310,1,1st,Yeo Ming Ling,female,30,0,0,PC 17485,56.9292,E36,Changi
311,1,1st,Sarawut Chaiyaporn,female,24,0,0,11767,83.1583,C54,Changi
312,1,1st,Aisyah binti Ismail Yusof,female,18,2,2,PC 17608,262.375,B57 B59 B63 B66,Changi
313,0,2nd,Sarawut Chaiyaporn,female,26,1,1,250651,26,,Tanah Merah
314,0,3rd,Norazizah binti Haji Hassan,male,28,0,0,349243,7.8958,,Tanah Merah
315,0,2nd,Kavita Sharma,male,43,1,1,F.C.C. 13529,26.25,,Tanah Merah
316,1,3rd,Dina binti Haikel Anuar,female,26,0,0,347470,7.8542,,Tanah Merah
317,1,2nd,Sim Jia Liang,female,24,1,0,244367,26,,Tanah Merah
318,0,2nd,Lim Jia Jie,male,54,0,0,29011,14,,Tanah Merah
319,1,1st,Qin Jia Le,female,31,0,2,36928,164.8667,C7,Tanah Merah
320,1,1st,Vijay s/o Suresh Nair,female,40,1,1,16966,134.5,E34,Changi
321,0,3rd,Naveen s/o Mohan Menon,male,22,0,0,A/5 21172,7.25,,Tanah Merah
322,0,3rd,Kazuki Yamaguchi,male,27,0,0,349219,7.8958,,Tanah Merah
323,1,2nd,Song Seok,female,30,0,0,234818,12.35,,Pasir Panjang
324,1,2nd,Emilio Vega,female,22,1,1,248738,29,,Tanah Merah
325,0,3rd,Wong Zhi Xuan,male,,8,2,CA. 2343,69.55,,Tanah Merah
326,1,1st,Preeti Reddy,female,36,0,0,PC 17760,135.6333,C32,Changi
327,0,3rd,Wei Jie Hao,male,61,0,0,345364,6.2375,,Tanah Merah
328,1,2nd,Chua Jun Jie,female,36,0,0,28551,13,D,Tanah Merah
329,1,3rd,Chua Zhi Hao,female,31,1,1,363291,20.525,,Tanah Merah
330,1,1st,Wichai Chaiyaporn,female,16,0,1,111361,57.9792,B18,Changi
331,1,3rd,Vina binti Haikel Anuar,female,,2,0,367226,23.25,,Pasir Panjang
332,0,1st,Zaw Htet,male,45.5,0,0,113043,28.5,C124,Tanah Merah
333,0,1st,Vijay s/o Suresh Nair,male,38,0,1,PC 17582,153.4625,C91,Tanah Merah
334,0,3rd,Maya d/o Rajesh Pillai,male,16,2,0,345764,18,,Tanah Merah
335,1,1st,Ng Ming Hao,female,,1,0,PC 17611,133.65,,Tanah Merah
336,0,3rd,Le Thi H,male,,0,0,349225,7.8958,,Tanah Merah
337,0,1st,Noppadol Thongdee,male,29,1,0,113776,66.6,C2,Tanah Merah
338,1,1st,Ko Seung,female,41,0,0,16966,134.5,E40,Changi
339,1,3rd,Putri binti Kiran Amirah,male,45,0,0,7598,8.05,,Tanah Merah
340,0,1st,Yeo Kai Ling,male,45,0,0,113784,35.5,T,Tanah Merah
341,1,2nd,Boonmee Thongdee,male,2,1,1,230080,26,F2,Tanah Merah
342,1,1st,Nazir bin Haikel Anuar,female,24,3,2,19950,263,C23 C25 C27,Tanah Merah
343,0,2nd,Hafiz bin Ismail Yusof,male,28,0,0,248740,13,,Tanah Merah
344,0,2nd,Yeo Jia Feng,male,25,0,0,244361,13,,Tanah Merah
345,0,2nd,Tan Wei Ming,male,36,0,0,229236,13,,Tanah Merah
346,1,2nd,Nazir bin Anuar Haikel,female,24,0,0,248733,13,F33,Tanah Merah
347,1,2nd,Ng Ming Xuan,female,40,0,0,31418,13,,Tanah Merah
348,1,3rd,Sneha d/o Ravi Menon,female,,1,0,386525,16.1,,Tanah Merah
349,1,3rd,Chua Jun Xuan,male,3,1,1,C.A. 37671,15.9,,Tanah Merah
350,0,3rd,Sarawut Chaiyaporn,male,42,0,0,315088,8.6625,,Tanah Merah
351,0,3rd,Arjun s/o Kumar Nair,male,23,0,0,7267,9.225,,Tanah Merah
352,0,1st,Ng Kai Ling,male,,0,0,113510,35,C128,Tanah Merah
353,0,3rd,Chua Kai Xin,male,15,1,1,2695,7.2292,,Changi
354,0,3rd,Chua Jun Jie,male,25,1,0,349237,17.8,,Tanah Merah
355,0,3rd,Teo Jia Ming,male,,0,0,2647,7.225,,Changi
356,0,3rd,Goh Kai Ming,male,28,0,0,345783,9.5,,Tanah Merah
357,1,1st,Gabriel Rivera,female,22,0,1,113505,55,E33,Tanah Merah
358,0,2nd,Choi Hyejin,female,38,0,0,237671,13,,Tanah Merah
359,1,3rd,Boonmee Thongdee,female,,0,0,330931,7.8792,,Pasir Panjang
360,1,3rd,Teo Wei Liang,female,,0,0,330980,7.8792,,Pasir Panjang
361,0,3rd,Vina binti Haikel Anuar,male,40,1,4,347088,27.9,,Tanah Merah
362,0,2nd,Shweta d/o Kumar Iyer,male,29,1,0,SC/PARIS 2167,27.7208,,Changi
363,0,3rd,Han Jisoo,female,45,0,1,2691,14.4542,,Changi
364,0,3rd,Alok Sharma,male,35,0,0,SOTON/O.Q. 3101310,7.05,,Tanah Merah
365,0,3rd,Rina Yamada,male,,1,0,370365,15.5,,Pasir Panjang
366,0,3rd,Renjiro Ito,male,30,0,0,C 7076,7.25,,Tanah Merah
367,1,1st,Chua Zhi Hao,female,60,1,0,110813,75.25,D37,Changi
368,1,3rd,Raihan bin Haikel Anuar,female,,0,0,2626,7.2292,,Changi
369,1,3rd,Narongchai Phromsuk,female,,0,0,14313,7.75,,Pasir Panjang
370,1,1st,Ahmad bin Sulaiman Rahman,female,24,0,0,PC 17477,69.3,B35,Changi
371,1,1st,Tan Wei Ming,male,25,1,0,11765,55.4417,E50,Changi
372,0,3rd,Kaito Yamada,male,18,1,0,3101267,6.4958,,Tanah Merah
373,0,3rd,Aoi Nakamura,male,19,0,0,323951,8.05,,Tanah Merah
374,0,1st,Chua Zhi Feng,male,22,0,0,PC 17760,135.6333,,Changi
375,0,3rd,Yuan Qiang Lei,female,3,3,1,349909,21.075,,Tanah Merah
376,1,1st,Rina Yamada,female,,1,0,PC 17604,82.1708,,Changi
377,1,3rd,Anita d/o Mohan Pillai,female,22,0,0,C 7077,7.25,,Tanah Merah
378,0,1st,Khadijah binti Nur Halizah,male,27,0,2,113503,211.5,C82,Changi
379,0,3rd,Thet Win,male,20,0,0,2648,4.0125,,Changi
380,0,3rd,Tan Kai Jie,male,19,0,0,347069,7.775,,Tanah Merah
381,1,1st,Khairul bin Anuar Haikel,female,42,0,0,PC 17757,227.525,,Changi
382,1,3rd,Li Ming Yuan,female,1,0,2,2653,15.7417,,Changi
383,0,3rd,Kiran s/o Rajesh Pillai,male,32,0,0,STON/O 2. 3101293,7.925,,Tanah Merah
384,1,1st,Tan Jia Wei,female,35,1,0,113789,52,,Tanah Merah
385,0,3rd,Rina Rahayu,male,,0,0,349227,7.8958,,Tanah Merah
386,0,2nd,Cheong Tang Chia,male,18,0,0,S.O.C. 14879,73.5,,Tanah Merah
387,0,3rd,Lim Wei Fang,male,1,5,2,CA 2144,46.9,,Tanah Merah
388,1,2nd,Kaito Yamada,female,36,0,0,27849,13,,Tanah Merah
389,0,3rd,Kyaw Win,male,,0,0,367655,7.7292,,Pasir Panjang
390,1,2nd,Shin Taehyung,female,17,0,0,SC 1748,12,,Changi
391,1,1st,Alya binti Khairul Haikel,male,36,1,2,113760,120,B96 B98,Tanah Merah
392,1,3rd,Aqsa binti Halizah Khadijah,male,21,0,0,350034,7.7958,,Tanah Merah
393,0,3rd,Htet Zaw,male,28,2,0,3101277,7.925,,Tanah Merah
394,1,1st,Goh Li Liang,female,23,1,0,35273,113.275,D36,Changi
395,1,3rd,Vivek Khurana,female,24,0,2,PP 9549,16.7,G6,Tanah Merah
396,0,3rd,Siti binti Sulaiman Rahman,male,22,0,0,350052,7.7958,,Tanah Merah
397,0,3rd,Goh Li Liang,female,31,0,0,350407,7.8542,,Tanah Merah
398,0,2nd,Laura Ortega,male,46,0,0,28403,26,,Tanah Merah
399,0,2nd,Qiang Lei Tao,male,23,0,0,244278,10.5,,Tanah Merah
400,1,2nd,Hendra Susilo,female,28,0,0,240929,12.65,,Tanah Merah
401,1,3rd,Amirah binti Kiran Nur,male,39,0,0,STON/O 2. 3101289,7.925,,Tanah Merah
402,0,3rd,Htet Aung,male,26,0,0,341826,8.05,,Tanah Merah
403,0,3rd,Ng Yong Jie,female,21,1,0,4137,9.825,,Tanah Merah
404,0,3rd,Joko Santoso,male,28,1,0,STON/O2. 3101279,15.85,,Tanah Merah
405,0,3rd,Sita d/o Mohan Iyer,female,20,0,0,315096,8.6625,,Tanah Merah
406,0,2nd,Izzah binti Syafirah Amirah,male,34,1,0,28664,21,,Tanah Merah
407,0,3rd,Vishal s/o Rajesh Nair,male,51,0,0,347064,7.75,,Tanah Merah
408,1,2nd,Lim Jia Ming,male,3,1,1,29106,18.75,,Tanah Merah
409,0,3rd,Tan Jia Ming,male,21,0,0,312992,7.775,,Tanah Merah
410,0,3rd,Sim Jia Feng,female,,3,1,4133,25.4667,,Tanah Merah
411,0,3rd,Arjun s/o Ravi Kumar,male,,0,0,349222,7.8958,,Tanah Merah
412,0,3rd,Thiri Min,male,,0,0,394140,6.8583,,Pasir Panjang
413,1,1st,Narongchai Phromsuk,female,33,1,0,19928,90,C78,Pasir Panjang
414,0,2nd,Chen Wei Jie,male,,0,0,239853,0,,Tanah Merah
415,1,3rd,Pooja d/o Rajesh Iyer,male,44,0,0,STON/O 2. 3101269,7.925,,Tanah Merah
416,0,3rd,Sora Yamamoto,female,,0,0,343095,8.05,,Tanah Merah
417,1,2nd,Ahmad bin Abdullah Rahman,female,34,1,1,28220,32.5,,Tanah Merah
418,1,2nd,Sita d/o Mohan Pillai,female,18,0,2,250652,13,,Tanah Merah
419,0,2nd,Hoang Van O,male,30,0,0,28228,13,,Tanah Merah
420,0,3rd,Yasmin binti Nazir Azmi,female,10,0,2,345773,24.15,,Tanah Merah
421,0,3rd,Goh Jia Hao,male,,0,0,349254,7.8958,,Changi
422,0,3rd,Javier Reyes,male,21,0,0,A/5. 13032,7.7333,,Pasir Panjang
423,0,3rd,Syafirah binti Amirah Kiran,male,29,0,0,315082,7.875,,Tanah Merah
424,0,3rd,Sari Dewi,female,28,1,1,347080,14.4,,Tanah Merah
425,0,3rd,Noppadol Thongdee,male,18,1,1,370129,20.2125,,Tanah Merah
426,0,3rd,Boonmee Thongdee,male,,0,0,A/4. 34244,7.25,,Tanah Merah
427,1,2nd,Pham Thi N,female,28,1,0,2003,26,,Tanah Merah
428,1,2nd,Ravi Sharma,female,19,0,0,250655,26,,Tanah Merah
429,0,3rd,Pooja Iyer,male,,0,0,364851,7.75,,Pasir Panjang
430,1,3rd,Hendra Wijaya,male,32,0,0,SOTON/O.Q. 392078,8.05,E10,Tanah Merah
431,1,1st,Vishal s/o Rajesh Nair,male,28,0,0,110564,26.55,C52,Tanah Merah
432,1,3rd,Boonmee Thongdee,female,,1,0,376564,16.1,,Tanah Merah
433,1,2nd,Halizah binti Aqsa Nur,female,42,1,0,SC/AH 3085,26,,Tanah Merah
434,0,3rd,Nadia binti Nur Khadijah,male,17,0,0,STON/O 2. 3101274,7.125,,Tanah Merah
435,0,1st,Agus Pratama,male,50,1,0,13507,55.9,E44,Tanah Merah
436,1,1st,Haji Ali bin Siti Zainab,female,14,1,2,113760,120,B96 B98,Tanah Merah
437,0,3rd,Lee Wei Feng,female,21,2,2,W./C. 6608,34.375,,Tanah Merah
438,1,2nd,Rozita binti Haji Ahmad,female,24,2,3,29106,18.75,,Tanah Merah
439,0,1st,Tan Ming Hao,male,64,1,4,19950,263,C23 C25 C27,Tanah Merah
440,0,2nd,Tan Li Wei,male,31,0,0,C.A. 18723,10.5,,Tanah Merah
441,1,2nd,Haruki Saito,female,45,1,1,F.C.C. 13529,26.25,,Tanah Merah
442,0,3rd,Beatriz Nunez,male,20,0,0,345769,9.5,,Tanah Merah
443,0,3rd,Ahn Minho,male,25,1,0,347076,7.775,,Tanah Merah
444,1,2nd,Budi Wijaya,female,28,0,0,230434,13,,Tanah Merah
445,1,3rd,Yeo Ming Hong,male,,0,0,65306,8.1125,,Tanah Merah
446,1,1st,Syafirah binti Amirah Kiran,male,4,0,2,33638,81.8583,A34,Tanah Merah
447,1,2nd,Sofia binti Anuar Haikel,female,13,0,1,250644,19.5,,Tanah Merah
448,1,1st,Dewi Santoso,male,34,0,0,113794,26.55,,Tanah Merah
449,1,3rd,Ramon Hernandez,female,5,2,1,2666,19.2583,,Changi
450,1,1st,Alya binti Khairul Haikel,male,52,0,0,113786,30.5,C104,Tanah Merah
451,0,2nd,Prasert Chaiyaporn,male,36,1,2,C.A. 34651,27.75,,Tanah Merah
452,0,3rd,Chua Zhi Hui,male,,1,0,65303,19.9667,,Tanah Merah
453,0,1st,Hwang Soojin,male,30,0,0,113051,27.75,C111,Changi
454,1,1st,Lim Jia Hao,male,49,1,0,17453,89.1042,C92,Changi
455,0,3rd,Sim Wei Hong,male,,0,0,A/5 2817,8.05,,Tanah Merah
456,1,3rd,Sim Jia Liang,male,29,0,0,349240,7.8958,,Changi
457,0,1st,Rahul s/o Suresh Menon,male,65,0,0,13509,26.55,E38,Tanah Merah
458,1,1st,Choong Wei Ming,female,,1,0,17464,51.8625,D21,Tanah Merah
459,1,2nd,Teo Jun Feng,female,50,0,0,F.C.C. 13531,10.5,,Tanah Merah
460,0,3rd,Diego Morales,male,,0,0,371060,7.75,,Pasir Panjang
461,1,1st,Arjun s/o Mohan Nair,male,48,0,0,19952,26.55,E12,Tanah Merah
462,0,3rd,Putri binti Kiran Amirah,male,34,0,0,364506,8.05,,Tanah Merah
463,0,1st,Abdul Rahman bin Haji Ismail,male,47,0,0,111320,38.5,E63,Tanah Merah
464,0,2nd,Wichai Chaiyaporn,male,48,0,0,234360,13,,Tanah Merah
465,0,3rd,Ravi Desai,male,,0,0,A/S 2816,8.05,,Tanah Merah
466,0,3rd,Zainab binti Abdul Rahman,male,38,0,0,SOTON/O.Q. 3101306,7.05,,Tanah Merah
467,0,2nd,Wong Kai Feng,male,,0,0,239853,0,,Tanah Merah
468,0,1st,Chua Zhi Ming,male,56,0,0,113792,26.55,,Tanah Merah
469,0,3rd,Priya d/o Suresh Menon,male,,0,0,36209,7.725,,Pasir Panjang
470,1,3rd,Vikram s/o Anil Menon,female,0.75,2,1,2666,19.2583,,Changi
471,0,3rd,Ahmad bin Sulaiman Rahman,male,,0,0,323592,7.25,,Tanah Merah
472,0,3rd,Sakura Takahashi,male,38,0,0,315089,8.6625,,Tanah Merah
473,1,2nd,Lee Wei Hui,female,33,1,2,C.A. 34651,27.75,,Tanah Merah
474,1,2nd,Somsak Srisai,female,23,0,0,SC/AH Basle 541,13.7917,D,Changi
475,0,3rd,Meera Choudhary,female,22,0,0,7553,9.8375,,Tanah Merah
476,0,1st,Rohan s/o Rajesh Iyer,male,,0,0,110465,52,A14,Tanah Merah
477,0,2nd,Zubaidah binti Abdul Rahman,male,34,1,0,31027,21,,Tanah Merah
478,0,3rd,Nur binti Amirah Aqsa,male,29,1,0,3460,7.0458,,Tanah Merah
479,0,3rd,Ming Yuan Qiang,male,22,0,0,350060,7.5208,,Tanah Merah
480,1,3rd,Tan Kai Jie,female,2,0,1,3101298,12.2875,,Tanah Merah
481,0,3rd,Liew Zhong Loh,male,9,5,2,CA 2144,46.9,,Tanah Merah
482,0,2nd,Myo Zin,male,,0,0,239854,0,,Tanah Merah
483,0,3rd,Oh Minho,male,50,0,0,A/5 3594,8.05,,Tanah Merah
484,1,3rd,Dolores Cordero,female,63,0,0,4134,9.5875,,Tanah Merah
485,1,1st,Arjun s/o Mohan Nair,male,25,1,0,11967,91.0792,B49,Changi
486,0,3rd,Chua Kai Ming,female,,3,1,4133,25.4667,,Tanah Merah
487,1,1st,Airi Kobayashi,female,35,1,0,19943,90,C93,Tanah Merah
488,0,1st,Zhuo Yong Rui,male,58,0,0,11771,29.7,B37,Changi
489,0,3rd,Tran Thi AF,male,30,0,0,A.5. 18509,8.05,,Tanah Merah
490,1,3rd,Chia Loh Govind,male,9,1,1,C.A. 37671,15.9,,Tanah Merah
491,0,3rd,Tan Jia Hao,male,,1,0,65304,19.9667,,Tanah Merah
492,0,3rd,Zakaria bin Haji Hassan,male,21,0,0,SOTON/OQ 3101317,7.25,,Tanah Merah
493,0,1st,Pham Thi X,male,55,0,0,113787,30.5,C30,Tanah Merah
494,0,1st,Lim Jia Liang,male,71,0,0,PC 17609,49.5042,,Changi
495,0,3rd,Francisco Reyes,male,21,0,0,A/4 45380,8.05,,Tanah Merah
496,0,3rd,Wichai Chaiyaporn,male,,0,0,2627,14.4583,,Changi
497,1,1st,Khairul bin Azmi Khairul,female,54,1,0,36947,78.2667,D20,Changi
498,0,3rd,Sunita Mehra,male,,0,0,C.A. 6212,15.1,,Tanah Merah
499,0,1st,Teo Wei Hui,female,25,1,2,113781,151.55,C22 C26,Tanah Merah
500,0,3rd,Jeon Hyun,male,24,0,0,350035,7.7958,,Tanah Merah
501,0,3rd,Sara Molina,male,17,0,0,315086,8.6625,,Tanah Merah
502,0,3rd,Irfan bin Yusof Anuar,female,21,0,0,364846,7.75,,Pasir Panjang
503,0,3rd,Budi Santoso,female,,0,0,330909,7.6292,,Pasir Panjang
504,0,3rd,Wong Zhi Jie,female,37,0,0,4135,9.5875,,Tanah Merah
505,1,1st,Pham Van AM,female,16,0,0,110152,86.5,B79,Tanah Merah
506,0,1st,Yeo Ming Jie,male,18,1,0,PC 17758,108.9,C65,Changi
507,1,2nd,Lalitha d/o Anil Menon,female,33,0,2,26360,26,,Tanah Merah
508,1,1st,Teo Jun Wei,male,,0,0,111427,26.55,,Tanah Merah
509,0,3rd,Min Hlaing,male,28,0,0,C 4001,22.525,,Tanah Merah
510,1,3rd,Choo Ming Yuan,male,26,0,0,1601,56.4958,,Tanah Merah
511,1,3rd,Teo Jun Hao,male,29,0,0,382651,7.75,,Pasir Panjang
512,0,3rd,Nadia binti Nur Khadijah,male,,0,0,SOTON/OQ 3101316,8.05,,Tanah Merah
513,1,1st,Meenakshi Rana,male,36,0,0,PC 17473,26.2875,E25,Tanah Merah
514,1,1st,Yang Jaehyuk,female,54,1,0,PC 17603,59.4,,Changi
515,0,3rd,Tan Kai Feng,male,24,0,0,349209,7.4958,,Tanah Merah
516,0,1st,Sim Wei Ling,male,47,0,0,36967,34.0208,D46,Tanah Merah
517,1,2nd,Goh Jia Hui,female,34,0,0,C.A. 34260,10.5,F33,Tanah Merah
518,0,3rd,Eva Castillo,male,,0,0,371110,24.15,,Pasir Panjang
519,1,2nd,Le Thi R,female,36,1,0,226875,26,,Tanah Merah
520,0,3rd,Rahul Khurana,male,32,0,0,349242,7.8958,,Tanah Merah
521,1,1st,Tran Thi V,female,30,0,0,12749,93.5,B73,Tanah Merah
522,0,3rd,Andres Bravo,male,22,0,0,349252,7.8958,,Tanah Merah
523,0,3rd,Sarawut Chaiyaporn,male,,0,0,2624,7.225,,Changi
524,1,1st,Goh Jia Ling,female,44,0,1,111361,57.9792,B18,Changi
525,0,3rd,Arjun s/o Kumar Nair,male,,0,0,2700,7.2292,,Changi
526,0,3rd,Chua Jun Hao,male,40.5,0,0,367232,7.75,,Pasir Panjang
527,1,2nd,Boonmee Thongdee,female,50,0,0,W./C. 14258,10.5,,Tanah Merah
528,0,1st,Karthik s/o Suresh Pillai,male,,0,0,PC 17483,221.7792,C95,Tanah Merah
529,0,3rd,Song Jaehyuk,male,39,0,0,3101296,7.925,,Tanah Merah
530,0,2nd,Wong Zhi Hui,male,23,2,1,29104,11.5,,Tanah Merah
531,1,2nd,Han Hyejin,female,2,1,1,26360,26,,Tanah Merah
532,0,3rd,Ravi s/o Rajesh Menon,male,,0,0,2641,7.2292,,Changi
533,0,3rd,Ahmad bin Abdullah Rahman,male,17,1,1,2690,7.2292,,Changi
534,1,3rd,Somsri Naksuwan,female,,0,2,2668,22.3583,,Changi
535,0,3rd,Min Thu,female,30,0,0,315084,8.6625,,Tanah Merah
536,1,2nd,Lim Jia Hong,female,7,0,2,F.C.C. 13529,26.25,,Tanah Merah
537,0,1st,Sanjay Chawla,male,45,0,0,113050,26.55,B38,Tanah Merah
538,1,1st,Yeo Ming Liang,female,30,0,0,PC 17761,106.425,,Changi
539,0,3rd,Choi Minseok,male,,0,0,364498,14.5,,Tanah Merah
540,1,1st,Siti binti Abdullah,female,22,0,2,13568,49.5,B39,Changi
541,1,1st,Wong Zhi Jie,female,36,0,2,WE/P 5735,71,B22,Tanah Merah
542,0,3rd,Priya d/o Rajesh Iyer,female,9,4,2,347082,31.275,,Tanah Merah
543,0,3rd,Goh Wei Ming,female,11,4,2,347082,31.275,,Tanah Merah
544,1,2nd,Pham Thi AR,male,32,1,0,2908,26,,Tanah Merah
545,0,1st,Anu d/o Kumar Menon,male,50,1,0,PC 17761,106.425,C86,Changi
546,0,1st,Maya binti Haikel Anuar,male,64,0,0,693,26,,Tanah Merah
547,1,2nd,Lee Kai Wei,female,19,1,0,2908,26,,Tanah Merah
548,1,2nd,Yeo Jia Hao,male,,0,0,SC/PARIS 2146,13.8625,,Changi
549,0,3rd,Joko Santoso,male,33,1,1,363291,20.525,,Tanah Merah
550,1,2nd,Hadi Gunawan,male,8,1,1,C.A. 33112,36.75,,Tanah Merah
551,1,1st,Lee Wei Hong,male,17,0,2,17421,110.8833,C70,Changi
552,0,2nd,Goh Jia Feng,male,27,0,0,244358,26,,Tanah Merah
553,0,3rd,Teo Jia Ming,male,,0,0,330979,7.8292,,Pasir Panjang
554,1,3rd,Lee Jun Hao,male,22,0,0,2620,7.225,,Changi
555,1,3rd,Tan Jia Hao,female,22,0,0,347085,7.775,,Tanah Merah
556,0,1st,Aqsa binti Halizah Khadijah,male,62,0,0,113807,26.55,,Tanah Merah
557,1,1st,Hafiz bin Ismail Yusof,female,48,1,0,11755,39.6,A16,Changi
558,0,1st,Ratna Dewi,male,,0,0,PC 17757,227.525,,Changi
559,1,1st,Ko Hyun,female,39,1,1,110413,79.65,E67,Tanah Merah
560,1,3rd,Lim Ming Wei,female,36,1,0,345572,17.4,,Tanah Merah
561,0,3rd,Wong Kai Feng,male,,0,0,372622,7.75,,Pasir Panjang
562,0,3rd,Tan Jia Ming,male,40,0,0,349251,7.8958,,Tanah Merah
563,0,2nd,Lee Wei Hao,male,28,0,0,218629,13.5,,Tanah Merah
564,0,3rd,Jung Taehyung,male,,0,0,SOTON/OQ 392082,8.05,,Tanah Merah
565,0,3rd,Hoang Thi AN,female,,0,0,SOTON/O.Q. 392087,8.05,,Tanah Merah
566,0,3rd,Yoon Seok,male,24,2,0,A/4 48871,24.15,,Tanah Merah
567,0,3rd,Wichai Chaiyaporn,male,19,0,0,349205,7.8958,,Tanah Merah
568,0,3rd,Nguyen Van AE,female,29,0,4,349909,21.075,,Tanah Merah
569,0,3rd,Yeo Ming Xuan,male,,0,0,2686,7.2292,,Changi
570,1,3rd,Ren Ito,male,32,0,0,350417,7.8542,,Tanah Merah
571,1,2nd,Chua Zhi Hong,male,62,0,0,S.W./PP 752,10.5,,Tanah Merah
572,1,1st,Haji Hassan bin Siti Aminah,female,53,2,0,11769,51.4792,C101,Tanah Merah
573,1,1st,Yasmin binti Nazir Azmi,male,36,0,0,PC 17474,26.3875,E25,Tanah Merah
574,1,3rd,Loh Thevar Baruni,female,,0,0,14312,7.75,,Pasir Panjang
575,0,3rd,Lee Jia Ming,male,16,0,0,A/4. 20589,8.05,,Tanah Merah
576,0,3rd,Chua Zhi Feng,male,19,0,0,358585,14.5,,Tanah Merah
577,1,2nd,Neha Singh,female,34,0,0,243880,13,,Tanah Merah
578,1,1st,Hwang Jiwon,female,39,1,0,13507,55.9,E44,Tanah Merah
579,0,3rd,Somsri Naksuwan,female,,1,0,2689,14.4583,,Changi
580,1,3rd,Hla Zin,male,32,0,0,STON/O 2. 3101286,7.925,,Tanah Merah
581,1,2nd,Yuto Kato,female,25,1,1,237789,30,,Tanah Merah
582,1,1st,Sinta Anggraini,female,39,1,1,17421,110.8833,C68,Changi
583,0,2nd,Kiran binti Nur Khadijah,male,54,0,0,28403,26,,Tanah Merah
584,0,1st,Rajesh Khanna,male,36,0,0,13049,40.125,A10,Changi
585,0,3rd,Raihan bin Haikel Anuar,male,,0,0,3411,8.7125,,Changi
586,1,1st,Lee Kai Wei,female,18,0,2,110413,79.65,E68,Tanah Merah
587,0,2nd,Pedro Santos,male,47,0,0,237565,15,,Tanah Merah
588,1,1st,Hana binti Nazir Azmi,male,60,1,1,13567,79.2,B41,Changi
589,0,3rd,Kamilah binti Nur Halizah,male,22,0,0,14973,8.05,,Tanah Merah
590,0,3rd,Teo Wei Hong,male,,0,0,A./5. 3235,8.05,,Tanah Merah
591,0,3rd,Vishal s/o Rajesh Nair,male,35,0,0,STON/O 2. 3101273,7.125,,Tanah Merah
592,1,1st,Haji Hassan bin Siti Aminah,female,52,1,0,36947,78.2667,D20,Changi
593,0,3rd,Ajay s/o Kumar Menon,male,47,0,0,A/5 3902,7.25,,Tanah Merah
594,0,3rd,Teo Jun Jie,female,,0,2,364848,7.75,,Pasir Panjang
595,0,2nd,Deepika Mishra,male,37,1,0,SC/AH 29037,26,,Tanah Merah
596,0,3rd,Haji Yusof bin Siti Aminah,male,36,1,1,345773,24.15,,Tanah Merah
597,1,2nd,Aung Kyaw,female,,0,0,248727,33,,Tanah Merah
598,0,3rd,Somsri Naksuwan,male,49,0,0,LINE,0,,Tanah Merah
599,0,3rd,Wong Zhi Wei,male,,0,0,2664,7.225,,Changi
600,1,1st,Priya d/o Rajesh Iyer,male,49,1,0,PC 17485,56.9292,A20,Changi
601,1,2nd,Narongchai Phromsuk,female,24,2,1,243847,27,,Tanah Merah
602,0,3rd,Rakesh s/o Anil Iyer,male,,0,0,349214,7.8958,,Tanah Merah
603,0,1st,Ng Wei Ming,male,,0,0,113796,42.4,,Tanah Merah
604,0,3rd,Rahul Kapoor,male,44,0,0,364511,8.05,,Tanah Merah
605,1,1st,Siddharth s/o Mohan Menon,male,35,0,0,111426,26.55,,Changi
606,0,3rd,Suresh s/o Mohan Nair,male,36,1,0,349910,15.55,,Tanah Merah
607,0,3rd,Dewi Kusuma,male,30,0,0,349246,7.8958,,Tanah Merah
608,1,1st,Nitin Malhotra,male,27,0,0,113804,30.5,,Tanah Merah
609,1,2nd,Rahul Khurana,female,22,1,2,SC/Paris 2123,41.5792,,Changi
610,1,1st,Suthep Wongthong,female,40,0,0,PC 17582,153.4625,C125,Tanah Merah
611,0,3rd,Chua Zhi Ming,female,39,1,5,347082,31.275,,Tanah Merah
612,0,3rd,Deepika Mishra,male,,0,0,SOTON/O.Q. 3101305,7.05,,Tanah Merah
613,1,3rd,Pooja Shah,female,,1,0,367230,15.5,,Pasir Panjang
614,0,3rd,Thiri Hlaing,male,,0,0,370377,7.75,,Pasir Panjang
615,0,3rd,Sarita Menon,male,35,0,0,364512,8.05,,Tanah Merah
616,1,2nd,Priya d/o Suresh Menon,female,24,1,2,220845,65,,Tanah Merah
617,0,3rd,Ng Jia Ming,male,34,1,1,347080,14.4,,Tanah Merah
618,0,3rd,Priya d/o Suresh Menon,female,26,1,0,A/5. 3336,16.1,,Tanah Merah
619,1,2nd,Somsri Naksuwan,female,4,2,1,230136,39,F4,Tanah Merah
620,0,2nd,Rahul Agarwal,male,26,0,0,31028,10.5,,Tanah Merah
621,0,3rd,Meera d/o Suresh Nair,male,27,1,0,2659,14.4542,,Changi
622,1,1st,Salmah binti Mohd Ali,male,42,1,0,11753,52.5542,D19,Tanah Merah
623,1,3rd,Haji bin Siti Haji Mohd,male,20,1,1,2653,15.7417,,Changi
624,0,3rd,Tran Thi L,male,21,0,0,350029,7.8542,,Tanah Merah
625,0,3rd,Yeo Jia Hui,male,21,0,0,54636,16.1,,Tanah Merah
626,0,1st,Tan Kai Ming,male,61,0,0,36963,32.3208,D50,Tanah Merah
627,0,2nd,Zulaikha binti Haikel Anuar,male,57,0,0,219533,12.35,,Pasir Panjang
628,1,1st,Joo Jihoon,female,21,0,0,13502,77.9583,D9,Tanah Merah
629,0,3rd,Goh Jia Ming,male,26,0,0,349224,7.8958,,Tanah Merah
630,0,3rd,Riku Takahashi,male,,0,0,334912,7.7333,,Pasir Panjang
631,1,1st,Sakura Ito,male,80,0,0,27042,30,A23,Tanah Merah
632,0,3rd,Kim Minji,male,51,0,0,347743,7.0542,,Tanah Merah
633,1,1st,Salmah binti Mohd Ali,male,32,0,0,13214,30.5,B50,Changi
634,0,1st,Le Thi AL,male,,0,0,112052,0,,Tanah Merah
635,0,3rd,Chua Zhi Wei,female,9,3,2,347088,27.9,,Tanah Merah
636,1,2nd,Chua Jun Xuan,female,28,0,0,237668,13,,Tanah Merah
637,0,3rd,Raihan bin Haikel Anuar,male,32,0,0,STON/O 2. 3101292,7.925,,Tanah Merah
638,0,2nd,Pun De Kang,male,31,1,1,C.A. 31921,26.25,,Tanah Merah
639,0,3rd,Goh Ming Wei,female,41,0,5,3101295,39.6875,,Tanah Merah
640,0,3rd,Goh Li Xuan,male,,1,0,376564,16.1,,Tanah Merah
641,0,3rd,Qistina binti Sulaiman Rahman,male,20,0,0,350050,7.8542,,Tanah Merah
642,1,1st,Noppadol Thongdee,female,24,0,0,PC 17477,69.3,B35,Changi
643,0,3rd,Lina binti Azmi Khairul,female,2,3,2,347088,27.9,,Tanah Merah
644,1,3rd,Yang Seung,male,,0,0,1601,56.4958,,Tanah Merah
645,1,3rd,Mira binti Amirah Kiran,female,0.75,2,1,2666,19.2583,,Changi
646,1,1st,Thet Zaw,male,48,1,0,PC 17572,76.7292,D33,Changi
647,0,3rd,Somsri Naksuwan,male,19,0,0,349231,7.8958,,Tanah Merah
648,1,1st,Joko Susilo,male,56,0,0,13213,35.5,A26,Changi
649,0,3rd,Vijay s/o Anil Menon,male,,0,0,S.O./P.P. 751,7.55,,Tanah Merah
650,1,3rd,Vikram Malhotra,female,23,0,0,CA. 2314,7.55,,Tanah Merah
651,0,3rd,Yeo Jia Hui,male,,0,0,349221,7.8958,,Tanah Merah
652,1,2nd,Deepika Menon,female,18,0,1,231919,23,,Tanah Merah
653,0,3rd,Chia Loh Govind,male,21,0,0,8475,8.4333,,Tanah Merah
654,1,3rd,Lim Wei Sheng,female,,0,0,330919,7.8292,,Pasir Panjang
655,0,3rd,Naveen s/o Mohan Menon,female,18,0,0,365226,6.75,,Pasir Panjang
656,0,2nd,Teo Wei Ling,male,24,2,0,S.O.C. 14879,73.5,,Tanah Merah
657,0,3rd,Rajiv Joshi,male,,0,0,349223,7.8958,,Tanah Merah
658,0,3rd,Amit Sharma,female,32,1,1,364849,15.5,,Pasir Panjang
659,0,2nd,Rajesh Khanna,male,23,0,0,29751,13,,Tanah Merah
660,0,1st,Halizah binti Aqsa Nur,male,58,0,2,35273,113.275,D48,Changi
661,1,1st,Lee Sooyoung,male,50,2,0,PC 17611,133.65,,Tanah Merah
662,0,3rd,Lee Kai Ling,male,40,0,0,2623,7.225,,Changi
663,0,1st,Nur binti Kiran Amirah,male,47,0,0,5727,25.5875,E58,Tanah Merah
664,0,3rd,Lim Wei Feng,male,36,0,0,349210,7.4958,,Tanah Merah
665,1,3rd,Hafiz bin Rahman Ismail,male,20,1,0,STON/O 2. 3101285,7.925,,Tanah Merah
666,0,2nd,Hana binti Nazir Azmi,male,32,2,0,S.O.C. 14879,73.5,,Tanah Merah
667,0,2nd,Yeo Jia Wei,male,25,0,0,234686,13,,Tanah Merah
668,0,3rd,Chua Jun Hong,male,,0,0,312993,7.775,,Tanah Merah
669,0,3rd,Lee Kai Ling,male,43,0,0,A/5 3536,8.05,,Tanah Merah
670,1,1st,Le Thi AB,female,,1,0,19996,52,C126,Tanah Merah
671,1,2nd,Goh Li Wei,female,40,1,1,29750,39,,Tanah Merah
672,0,1st,Gloria Pacheco,male,31,1,0,F.C. 12750,52,B71,Tanah Merah
673,0,2nd,Yoon Soo,male,70,0,0,C.A. 24580,10.5,,Tanah Merah
674,1,2nd,Yeo Ming Hui,male,31,0,0,244270,13,,Tanah Merah
675,0,2nd,Antonio Cruz,male,,0,0,239856,0,,Tanah Merah
676,0,3rd,Wong Wei Ling,male,18,0,0,349912,7.775,,Tanah Merah
677,0,3rd,Narongchai Phromsuk,male,24.5,0,0,342826,8.05,,Tanah Merah
678,1,3rd,Huda binti Halizah Khadijah,female,18,0,0,4138,9.8417,,Tanah Merah
679,0,3rd,Ng Yong Xuan,female,43,1,6,CA 2144,46.9,,Tanah Merah
680,1,1st,Priya d/o Suresh Menon,male,36,0,1,PC 17755,512.3292,B51 B53 B55,Changi
681,0,3rd,Kavita Singh,female,,0,0,330935,8.1375,,Pasir Panjang
682,1,1st,Agus Setiawan,male,27,0,0,PC 17572,76.7292,D49,Changi
683,0,3rd,Pham Van I,male,20,0,0,6563,9.225,,Tanah Merah
684,0,3rd,Goh Jia Feng,male,14,5,2,CA 2144,46.9,,Tanah Merah
685,0,2nd,Syafiq bin Ismail Yusof,male,60,1,1,29750,39,,Tanah Merah
686,0,2nd,Prasert Chaiyaporn,male,25,1,2,SC/Paris 2123,41.5792,,Changi
687,0,3rd,Kiran s/o Mohan Menon,male,14,4,1,3101295,39.6875,,Tanah Merah
688,0,3rd,Dina binti Haikel Anuar,male,19,0,0,349228,10.1708,,Tanah Merah
689,0,3rd,Kyaw Zaw,male,18,0,0,350036,7.7958,,Tanah Merah
690,1,1st,Ng Jia Ming,female,15,0,1,24160,211.3375,B5,Tanah Merah
691,1,1st,Mira binti Amirah Kiran,male,31,1,0,17474,57,B20,Tanah Merah
692,1,3rd,Siti Kusuma,female,4,0,1,349256,13.4167,,Changi
693,1,3rd,Noppadol Thongdee,male,,0,0,1601,56.4958,,Tanah Merah
694,0,3rd,Tran Thi F,male,25,0,0,2672,7.225,,Changi
695,0,1st,Yuto Kato,male,60,0,0,113800,26.55,,Tanah Merah
696,0,2nd,Halizah binti Aqsa Nur,male,52,0,0,248731,13.5,,Tanah Merah
697,0,3rd,Karthik s/o Suresh Pillai,male,44,0,0,363592,8.05,,Tanah Merah
698,1,3rd,Kiran Kumar,female,,0,0,35852,7.7333,,Pasir Panjang
699,0,1st,Sarita Menon,male,49,1,1,17421,110.8833,C68,Changi
700,0,3rd,Sarawut Chaiyaporn,male,42,0,0,348121,7.65,F G63,Tanah Merah
701,1,1st,Joo Jiwon,female,18,1,0,PC 17757,227.525,C62 C64,Changi
702,1,1st,Tan Kai Ming,male,35,0,0,PC 17475,26.2875,E24,Tanah Merah
703,0,3rd,Arjun s/o Mohan Nair,female,18,0,1,2691,14.4542,,Changi
704,0,3rd,Goh Wei Ling,male,25,0,0,36864,7.7417,,Pasir Panjang
705,0,3rd,Lim Wei Hao,male,26,1,0,350025,7.8542,,Tanah Merah
706,0,2nd,Amirah binti Kiran Nur,male,39,0,0,250655,26,,Tanah Merah
707,1,2nd,Amita Chawla,female,45,0,0,223596,13.5,,Tanah Merah
708,1,1st,Wong Zhi Feng,male,42,0,0,PC 17476,26.2875,E24,Tanah Merah
709,1,1st,Sim Wei Feng,female,22,0,0,113781,151.55,,Tanah Merah
710,1,3rd,Wichai Chaiyaporn,male,,1,1,2661,15.2458,,Changi
711,1,1st,Ng Yong Ling,female,24,0,0,PC 17482,49.5042,C90,Changi
712,0,1st,Yeo Jia Hui,male,,0,0,113028,26.55,C124,Tanah Merah
713,1,1st,Nguyen Van Q,male,48,1,0,19996,52,C126,Tanah Merah
714,0,3rd,Wong Jia Hui,male,29,0,0,7545,9.4833,,Tanah Merah
715,0,2nd,Amirah binti Kiran Nur,male,52,0,0,250647,13,,Tanah Merah
716,0,3rd,Chua Jun Hao,male,19,0,0,348124,7.65,F G73,Tanah Merah
717,1,1st,Lim Jia Liang,female,38,0,0,PC 17757,227.525,C45,Changi
718,1,2nd,Miguel Lopez,female,27,0,0,34218,10.5,E101,Tanah Merah
719,0,3rd,Narongchai Phromsuk,male,,0,0,36568,15.5,,Pasir Panjang
720,0,3rd,Azmi bin Haikel Anuar,male,33,0,0,347062,7.775,,Tanah Merah
721,1,2nd,Nurul binti Mohd Yusof,female,6,0,1,248727,33,,Tanah Merah
722,0,3rd,Nadia binti Nur Khadijah,male,17,1,0,350048,7.0542,,Tanah Merah
723,0,2nd,Meena d/o Rajesh Iyer,male,34,0,0,12233,13,,Tanah Merah
724,0,2nd,Haruto Tanaka,male,50,0,0,250643,13,,Tanah Merah
725,1,1st,Sim Kai Ming,male,27,1,0,113806,53.1,E8,Tanah Merah
726,0,3rd,Goh Li Feng,male,20,0,0,315094,8.6625,,Tanah Merah
727,1,2nd,Irfan bin Nazir Azmi,female,30,3,0,31027,21,,Tanah Merah
728,1,3rd,Yeo Ming Hong,female,,0,0,36866,7.7375,,Pasir Panjang
729,0,2nd,Huda binti Halizah Khadijah,male,25,1,0,236853,26,,Tanah Merah
730,0,3rd,Somsri Naksuwan,female,25,1,0,STON/O2. 3101271,7.925,,Tanah Merah
731,1,1st,Nadia binti Nur Khadijah,female,29,0,0,24160,211.3375,B5,Tanah Merah
732,0,3rd,Lee Wei Xuan,male,11,0,0,2699,18.7875,,Changi
733,0,2nd,Yuan Qiang Wei,male,,0,0,239855,0,,Tanah Merah
734,0,2nd,Hadi Pratama,male,23,0,0,28425,13,,Tanah Merah
735,0,2nd,Renjiro Sato,male,23,0,0,233639,13,,Tanah Merah
736,0,3rd,Latha d/o Kumar Nair,male,28.5,0,0,54636,16.1,,Tanah Merah
737,0,3rd,Norazizah binti Haji Hassan,female,48,1,3,W./C. 6608,34.375,,Tanah Merah
738,1,1st,Kavita Sharma,male,35,0,0,PC 17755,512.3292,B101,Changi
739,0,3rd,Tao Wei Ming,male,,0,0,349201,7.8958,,Tanah Merah
740,0,3rd,Vijay s/o Suresh Nair,male,,0,0,349218,7.8958,,Tanah Merah
741,1,1st,Lakshmi d/o Suresh Iyer,male,,0,0,16988,30,D45,Tanah Merah
742,0,1st,Chua Jia Ling,male,36,1,0,19877,78.85,C46,Tanah Merah
743,1,1st,Ahmad bin Sulaiman Rahman,female,21,2,2,PC 17608,262.375,B57 B59 B63 B66,Changi
744,0,3rd,Zaw Min,male,24,1,0,376566,16.1,,Tanah Merah
745,1,3rd,Marina Silva,male,31,0,0,STON/O 2. 3101288,7.925,,Tanah Merah
746,0,1st,Lim Wei Ling,male,70,1,1,WE/P 5735,71,B22,Tanah Merah
747,0,3rd,Zaw Htet,male,16,1,1,C.A. 2673,20.25,,Tanah Merah
748,1,2nd,Siddharth s/o Mohan Menon,female,30,0,0,250648,13,,Tanah Merah
749,0,1st,Arjun s/o Ravi Kumar,male,19,1,0,113773,53.1,D30,Tanah Merah
750,0,3rd,Wong Jia Ling,male,31,0,0,335097,7.75,,Pasir Panjang
751,1,2nd,Boonmee Thongdee,female,4,1,1,29103,23,,Tanah Merah
752,1,3rd,Ines Velez,male,6,0,1,392096,12.475,E121,Tanah Merah
753,0,3rd,Tan Jia Liang,male,33,0,0,345780,9.5,,Tanah Merah
754,0,3rd,Raihan bin Haikel Anuar,male,23,0,0,349204,7.8958,,Tanah Merah
755,1,2nd,Teo Kai Ling,female,48,1,2,220845,65,,Tanah Merah
756,1,2nd,Wong Zhi Hong,male,0.67,1,1,250649,14.5,,Tanah Merah
757,0,3rd,Kiran binti Nur Khadijah,male,28,0,0,350042,7.7958,,Tanah Merah
758,0,2nd,Anjali Gupta,male,18,0,0,29108,11.5,,Tanah Merah
759,0,3rd,Pham Van S,male,34,0,0,363294,8.05,,Tanah Merah
760,1,1st,Zaitun binti Abdul Rahman,female,33,0,0,110152,86.5,B77,Tanah Merah
761,0,3rd,Khadijah binti Nur Halizah,male,,0,0,358585,14.5,,Tanah Merah
762,0,3rd,Haji Hassan bin Siti Aminah,male,41,0,0,SOTON/O2 3101272,7.125,,Tanah Merah
763,1,3rd,Nur binti Syafirah Amirah,male,20,0,0,2663,7.2292,,Changi
764,1,1st,Chua Jun Liang,female,36,1,2,113760,120,B96 B98,Tanah Merah
765,0,3rd,Miyu Suzuki,male,16,0,0,347074,7.775,,Tanah Merah
766,1,1st,Lim Jia Ling,female,51,1,0,13502,77.9583,D11,Tanah Merah
767,0,1st,Wichai Chaiyaporn,male,,0,0,112379,39.6,,Changi
768,0,3rd,Tan Kai Hao,female,30.5,0,0,364850,7.75,,Pasir Panjang
769,0,3rd,Nazir bin Anuar Haikel,male,,1,0,371110,24.15,,Pasir Panjang
770,0,3rd,Haikel bin Nazir Azmi,male,32,0,0,8471,8.3625,,Tanah Merah
771,0,3rd,Radha d/o Suresh Nair,male,24,0,0,345781,9.5,,Tanah Merah
772,0,3rd,Renjiro Sato,male,48,0,0,350047,7.8542,,Tanah Merah
773,0,2nd,Chua Jun Ling,female,57,0,0,S.O./P.P. 3,10.5,E77,Tanah Merah
774,0,3rd,Yeo Li Hui,male,,0,0,2674,7.225,,Changi
775,1,2nd,Ng Jia Hui,female,54,1,3,29105,23,,Tanah Merah
776,0,3rd,Amitabh Gupta,male,18,0,0,347078,7.75,,Tanah Merah
777,0,3rd,Ng Ming Ling,male,,0,0,383121,7.75,F38,Pasir Panjang
778,1,3rd,Anjali Bhatia,female,5,0,0,364516,12.475,,Tanah Merah
779,0,3rd,Ravi s/o Anil Kumar,male,,0,0,36865,7.7375,,Pasir Panjang
780,1,1st,Khadijah binti Nur Halizah,female,43,0,1,24160,211.3375,B3,Tanah Merah
781,1,3rd,Meenakshi Rana,female,13,0,0,2687,7.2292,,Changi
782,1,1st,Tan Kai Ling,female,17,1,0,17474,57,B20,Tanah Merah
783,0,1st,Liyana binti Aqsa Nur,male,29,0,0,113501,30,D6,Tanah Merah
784,0,3rd,Lim Jia Hong,male,,1,2,W./C. 6607,23.45,,Tanah Merah
785,0,3rd,Sunita Mehra,male,25,0,0,SOTON/O.Q. 3101312,7.05,,Tanah Merah
786,0,3rd,Chua Jun Ming,male,25,0,0,374887,7.25,,Tanah Merah
787,1,3rd,Ng Yong Feng,female,18,0,0,3101265,7.4958,,Tanah Merah
788,0,3rd,Amirah binti Syafirah Nur,male,8,4,1,382652,29.125,,Pasir Panjang
789,1,3rd,Noppadol Thongdee,male,1,1,2,C.A. 2315,20.575,,Tanah Merah
790,0,1st,Yeo Ming Xuan,male,46,0,0,PC 17593,79.2,B82 B84,Changi
791,0,3rd,Prasert Chaiyaporn,male,,0,0,12460,7.75,,Pasir Panjang
792,0,2nd,Wong Kai Ming,male,16,0,0,239865,26,,Tanah Merah
793,0,3rd,Dina binti Haikel Anuar,female,,8,2,CA. 2343,69.55,,Tanah Merah
794,0,1st,Boonmee Thongdee,male,,0,0,PC 17600,30.6958,,Changi
795,0,3rd,Kiran s/o Rajesh Pillai,male,25,0,0,349203,7.8958,,Tanah Merah
796,0,2nd,Goh Li Hong,male,39,0,0,28213,13,,Tanah Merah
797,1,1st,Chua Wei Ming,female,49,0,0,17465,25.9292,D17,Tanah Merah
798,1,3rd,Ricardo Rojas,female,31,0,0,349244,8.6833,,Tanah Merah
799,0,3rd,Teo Jun Hong,male,30,0,0,2685,7.2292,,Changi
800,0,3rd,Sanjay s/o Anil Menon,female,30,1,1,345773,24.15,,Tanah Merah
801,0,2nd,Norazizah binti Haji Hassan,male,34,0,0,250647,13,,Tanah Merah
802,1,2nd,Sim Jia Ming,female,31,1,1,C.A. 31921,26.25,,Tanah Merah
803,1,1st,Vikram s/o Anil Menon,male,11,1,2,113760,120,B96 B98,Tanah Merah
804,1,3rd,Aravind s/o Anil Menon,male,0.42,0,1,2625,8.5167,,Changi
805,1,3rd,Goh Kai Xin,male,27,0,0,347089,6.975,,Tanah Merah
806,0,3rd,Yeo Jun Hao,male,31,0,0,347063,7.775,,Tanah Merah
807,0,1st,Ng Jia Ming,male,39,0,0,112050,0,A36,Tanah Merah
808,0,3rd,Divya d/o Ramesh Pillai,female,18,0,0,347087,7.775,,Tanah Merah
809,0,2nd,Nur binti Syafirah Amirah,male,39,0,0,248723,13,,Tanah Merah
810,1,1st,Yeo Jia Liang,female,33,1,0,113806,53.1,E8,Tanah Merah
811,0,3rd,Raul Jimenez,male,26,0,0,3474,7.8875,,Tanah Merah
812,0,3rd,Suthep Wongthong,male,39,0,0,A/4 48871,24.15,,Tanah Merah
813,0,2nd,Suresh s/o Mohan Nair,male,35,0,0,28206,10.5,,Tanah Merah
814,0,3rd,Ng Jia Hui,female,6,4,2,347082,31.275,,Tanah Merah
815,0,3rd,Azmi bin Raihan Khairul,male,30.5,0,0,364499,8.05,,Tanah Merah
816,0,1st,Moon Soyeon,male,,0,0,112058,0,B102,Tanah Merah
817,0,3rd,Sim Jia Ming,female,23,0,0,STON/O2. 3101290,7.925,,Tanah Merah
818,0,2nd,Umairah binti Azmi Khairul,male,31,1,1,S.C./PARIS 2079,37.0042,,Changi
819,0,3rd,Chung Soyeon,male,43,0,0,C 7075,6.45,,Tanah Merah
820,0,3rd,Chua Wei Ling,male,10,3,2,347088,27.9,,Tanah Merah
821,1,1st,Siti Gunawan,female,52,1,1,12749,93.5,B69,Tanah Merah
822,1,3rd,Wichai Chaiyaporn,male,27,0,0,315098,8.6625,,Tanah Merah
823,0,1st,Yeh Raju Muthu,male,38,0,0,19972,0,,Tanah Merah
824,1,3rd,Lee Ming Liang,female,27,0,1,392096,12.475,E121,Tanah Merah
825,0,3rd,Sangeeta Patel,male,2,4,1,3101295,39.6875,,Tanah Merah
826,0,3rd,Ng Kai Ling,male,,0,0,368323,6.95,,Pasir Panjang
827,0,3rd,Lim Kai Ling,male,,0,0,1601,56.4958,,Tanah Merah
828,1,2nd,Maya d/o Rajesh Pillai,male,1,0,2,S.C./PARIS 2079,37.0042,,Changi
829,1,3rd,Amar Joshi,male,,0,0,367228,7.75,,Pasir Panjang
830,1,1st,Win Win,female,62,0,0,113572,80,B28,
831,1,3rd,Maya binti Haikel Anuar,female,15,1,0,2659,14.4542,,Changi
832,1,2nd,Fang Yuan Ming,male,0.83,1,1,29106,18.75,,Tanah Merah
833,0,3rd,Nazir bin Haikel Anuar,male,,0,0,2671,7.2292,,Changi
834,0,3rd,Hoang Van AI,male,23,0,0,347468,7.8542,,Tanah Merah
835,0,3rd,Wong Kai Wei,male,18,0,0,2223,8.3,,Tanah Merah
836,1,1st,Fernando Diaz,female,39,1,1,PC 17756,83.1583,E49,Changi
837,0,3rd,Lee Wei Hao,male,21,0,0,315097,8.6625,,Tanah Merah
838,0,3rd,Vijay s/o Suresh Nair,male,,0,0,392092,8.05,,Tanah Merah
839,1,3rd,Zakaria bin Haji Hassan,male,32,0,0,1601,56.4958,,Tanah Merah
840,1,1st,Chua Jia Sheng,male,,0,0,11774,29.7,C47,Changi
841,0,3rd,Somchai Naksuwan,male,20,0,0,SOTON/O2 3101287,7.925,,Tanah Merah
842,0,2nd,Azmi bin Haikel Anuar,male,16,0,0,S.O./P.P. 3,10.5,,Tanah Merah
843,1,1st,Narongchai Phromsuk,female,30,0,0,113798,31,,Changi
844,0,3rd,Irfan bin Yusof Anuar,male,34.5,0,0,2683,6.4375,,Changi
845,0,3rd,Preeti Reddy,male,17,0,0,315090,8.6625,,Tanah Merah
846,0,3rd,Lim Jia Xuan,male,42,0,0,C.A. 5547,7.55,,Tanah Merah
847,0,3rd,Manuel Duarte,male,,8,2,CA. 2343,69.55,,Tanah Merah
848,0,3rd,Liyana binti Aqsa Nur,male,35,0,0,349213,7.8958,,Changi
849,0,2nd,Goh Jia Ling,male,28,0,1,248727,33,,Tanah Merah
850,1,1st,Goh Li Hui,female,,1,0,17453,89.1042,C92,Changi
851,0,3rd,Rajiv Joshi,male,4,4,2,347082,31.275,,Tanah Merah
852,0,3rd,Irfan bin Nazir Azmi,male,74,0,0,347060,7.775,,Tanah Merah
853,0,3rd,Haji Yusof bin Siti Aminah,female,9,1,1,2678,15.2458,,Changi
854,1,1st,Lim Jia Hui,female,16,0,1,PC 17592,39.4,D28,Tanah Merah
855,0,2nd,Lim Jia Jie,female,44,1,0,244252,26,,Tanah Merah
856,1,3rd,Chua Zhi Liang,female,18,0,1,392091,9.35,,Tanah Merah
857,1,1st,Tan Jia Feng,female,45,1,1,36928,164.8667,,Tanah Merah
858,1,1st,Sim Jia Hui,male,51,0,0,113055,26.55,E17,Tanah Merah
859,1,3rd,Siti binti Sulaiman Rahman,female,24,0,3,2666,19.2583,,Changi
860,0,3rd,Suthep Wongthong,male,,0,0,2629,7.2292,,Changi
861,0,3rd,Yeo Ming Jie,male,41,2,0,350026,14.1083,,Tanah Merah
862,0,2nd,Wong Wei Ming,male,21,1,0,28134,11.5,,Tanah Merah
863,1,1st,Vijay s/o Suresh Nair,female,48,0,0,17466,25.9292,D17,Tanah Merah
864,0,3rd,Noppadol Thongdee,female,,8,2,CA. 2343,69.55,,Tanah Merah
865,0,2nd,Su Su,male,24,0,0,233866,13,,Tanah Merah
866,1,2nd,Sim Jun Hao,female,42,0,0,236852,13,,Tanah Merah
867,1,2nd,Chen Wei Hao,female,27,1,0,SC/PARIS 2149,13.8583,,Changi
868,0,1st,Nur binti Kiran Amirah,male,31,0,0,PC 17590,50.4958,A24,Tanah Merah
869,0,3rd,Goh Li Fang,male,,0,0,345777,9.5,,Tanah Merah
870,1,3rd,Azmi bin Haikel Anuar,male,4,1,1,347742,11.1333,,Tanah Merah
871,0,3rd,Hoang Thi AD,male,26,0,0,349248,7.8958,,Tanah Merah
872,1,1st,Maya binti Haikel Anuar,female,47,1,1,11751,52.5542,D35,Tanah Merah
873,0,1st,Lee Wei Ming,male,33,0,0,695,5,B51 B53 B55,Tanah Merah
874,0,3rd,Karthik s/o Suresh Pillai,male,47,0,0,345765,9,,Tanah Merah
875,1,2nd,Yeo Jia Feng,female,28,1,0,P/PP 3381,24,,Changi
876,1,3rd,Kyaw Zaw,female,15,0,0,2667,7.225,,Changi
877,0,3rd,Chen Wei Liang,male,20,0,0,7534,9.8458,,Tanah Merah
878,0,3rd,Haji Ismail bin Siti Zainab,male,19,0,0,349212,7.8958,,Tanah Merah
879,0,3rd,Wong Zhi Liang,male,,0,0,349217,7.8958,,Tanah Merah
880,1,1st,Raj Kapoor,female,56,0,1,11767,83.1583,C50,Changi
881,1,2nd,Ko Zaw,female,25,0,1,230433,26,,Tanah Merah
882,0,3rd,Yoo Jisung,male,33,0,0,349257,7.8958,,Tanah Merah
883,0,3rd,Alejandro Pena,female,22,0,0,7552,10.5167,,Tanah Merah
884,0,2nd,Wong Jia Sheng,male,28,0,0,C.A./SOTON 34068,10.5,,Tanah Merah
885,0,3rd,Yeo Jia Le,male,25,0,0,SOTON/OQ 392076,7.05,,Tanah Merah
886,0,3rd,Kavita Singh,female,39,0,5,382652,29.125,,Pasir Panjang
887,0,2nd,Maya binti Haikel Anuar,male,27,0,0,211536,13,,Tanah Merah
888,1,1st,Amirah binti Aqsa Nur,female,19,0,0,112053,30,B42,Tanah Merah
889,0,3rd,Vikas Desai,female,,1,2,W./C. 6607,23.45,,Tanah Merah
890,1,1st,How Liang Ming,male,26,0,0,111369,30,C148,Changi
891,0,3rd,Anjali d/o Rajesh Iyer,male,32,0,0,370376,7.75,,Pasir Panjang
892,0,3rd,Rini Cahaya,male,34.5,0,0,330911,7.8292,,Pasir Panjang
893,1,3rd,Teo Wei Fang,female,47,1,0,363272,7,,Tanah Merah
894,0,2nd,Sim Jia Hui,male,62,0,0,240276,9.6875,,Pasir Panjang
895,0,3rd,Hina Suzuki,male,27,0,0,315154,8.6625,,Tanah Merah
896,1,3rd,Ng Yong Liang,female,22,1,1,3101298,12.2875,,Tanah Merah
897,0,3rd,Hina Suzuki,male,14,0,0,7538,9.225,,Tanah Merah
898,1,3rd,Teo Wei Ling,female,30,0,0,330972,7.6292,,Pasir Panjang
899,0,2nd,Lim Jia Hao,male,26,1,1,248738,29,,Tanah Merah
900,1,3rd,Meera d/o Ravi Pillai,female,18,0,0,2657,7.2292,,Changi
901,0,3rd,Arun Khanna,male,21,2,0,A/4 48871,24.15,,Tanah Merah
902,0,3rd,Nur binti Syafirah Amirah,male,,0,0,349220,7.8958,,Tanah Merah
903,0,1st,Prasert Chaiyaporn,male,46,0,0,694,26,,Tanah Merah
904,1,1st,Fatin binti Amirah Aqsa,female,23,1,0,21228,82.2667,B45,Tanah Merah
905,0,2nd,Prasert Chaiyaporn,male,63,1,0,24065,26,,Tanah Merah
906,1,1st,Teo Wei Feng,female,47,1,0,W.E.P. 5734,61.175,E31,Tanah Merah
907,1,2nd,Nur binti Amirah Aqsa,female,24,1,0,SC/PARIS 2167,27.7208,,Changi
908,0,2nd,Toh Kok Soon,male,35,0,0,233734,12.35,,Pasir Panjang
909,0,3rd,Vikram Malhotra,male,21,0,0,2692,7.225,,Changi
910,1,3rd,Sarawut Chaiyaporn,female,27,1,0,STON/O2. 3101270,7.925,,Tanah Merah
911,1,3rd,Kim Hyunwoo,female,45,0,0,2696,7.225,,Changi
912,0,1st,Park Jiyeon,male,55,1,0,PC 17603,59.4,,Changi
913,0,3rd,Le Van W,male,9,0,1,C 17368,3.1708,,Tanah Merah
914,1,1st,Suthep Wongthong,female,,0,0,PC 17598,31.6833,,Tanah Merah
915,0,1st,Hafiz bin Ismail Yusof,male,21,0,1,PC 17597,61.3792,,Changi
916,1,1st,Bae Jiwoo,female,48,1,3,PC 17608,262.375,B57 B59 B63 B66,Changi
917,0,3rd,Nur binti Amirah Kiran,male,50,1,0,A/5. 3337,14.5,,Tanah Merah
918,1,1st,Teo Kai Xin,female,22,0,1,113509,61.9792,B36,Changi
919,0,3rd,Tran Thi B,male,22.5,0,0,2698,7.225,,Changi
920,0,1st,Lee Wei Feng,male,41,0,0,113054,30.5,A21,Tanah Merah
921,0,3rd,Teo Jun Hao,male,,2,0,2662,21.6792,,Changi
922,0,2nd,Prasert Chaiyaporn,male,50,1,0,SC/AH 3085,26,,Tanah Merah
923,0,2nd,Anjali d/o Ravi Pillai,male,24,2,0,C.A. 31029,31.5,,Tanah Merah
924,1,3rd,Shin Hyunwoo,female,33,1,2,C.A. 2315,20.575,,Tanah Merah
925,1,3rd,Haji Ismail bin Siti Zainab,female,,1,2,W./C. 6607,23.45,,Tanah Merah
926,0,1st,Yeo Jia Ming,male,30,1,0,13236,57.75,C78,Changi
927,0,3rd,Lim Jia Hao,male,18.5,0,0,2682,7.2292,,Changi
928,1,3rd,Goh Jia Ling,female,,0,0,342712,8.05,,Tanah Merah
929,1,3rd,Goh Li Jie,female,21,0,0,315087,8.6625,,Tanah Merah
930,0,3rd,Pranav s/o Suresh Nair,male,25,0,0,345768,9.5,,Tanah Merah
931,0,3rd,Pham Thi AH,male,,0,0,1601,56.4958,,Tanah Merah
932,0,3rd,Haikel bin Khairul Haikel,male,39,0,1,349256,13.4167,,Changi
933,0,1st,Tan Kai Liang,male,,0,0,113778,26.55,D34,Tanah Merah
934,0,3rd,Nazir bin Anuar Haikel,male,41,0,0,SOTON/O.Q. 3101263,7.85,,Tanah Merah
935,1,2nd,Kang Joon,female,30,0,0,237249,13,,Tanah Merah
936,1,1st,Chen Wei Ming,female,45,1,0,11753,52.5542,D19,Tanah Merah
937,0,3rd,Nwe Win,male,25,0,0,STON/O 2. 3101291,7.925,,Tanah Merah
938,0,1st,Zakaria bin Haji Hassan,male,45,0,0,PC 17594,29.7,A9,Changi
939,0,3rd,Geeta d/o Suresh Iyer,male,,0,0,370374,7.75,,Pasir Panjang
940,1,1st,Maya binti Haikel Anuar,female,60,0,0,11813,76.2917,D15,Changi
941,1,3rd,Win Win,female,36,0,2,C.A. 37671,15.9,,Tanah Merah
942,0,1st,Tina binti Nazir Azmi,male,24,1,0,13695,60,C31,Tanah Merah
943,0,2nd,Zaw Zaw,male,27,0,0,SC/PARIS 2168,15.0333,,Changi
944,1,2nd,Sim Jia Jie,female,20,2,1,29105,23,,Tanah Merah
945,1,1st,Ong Hao Fang,female,28,3,2,19950,263,C23 C25 C27,Tanah Merah
946,0,2nd,Suthep Wongthong,male,,0,0,SC/A.3 2861,15.5792,,Changi
947,0,3rd,Tan Jia Hong,male,10,4,1,382652,29.125,,Pasir Panjang
948,0,3rd,Haikel bin Khairul Haikel,male,35,0,0,349230,7.8958,,Tanah Merah
949,0,3rd,Suresh Verma,male,25,0,0,348122,7.65,F G63,Tanah Merah
950,0,3rd,Tan Jia Xuan,male,,1,0,386525,16.1,,Tanah Merah
951,1,1st,Maya binti Haikel Anuar,female,36,0,0,PC 17608,262.375,B61,Changi
952,0,3rd,Wong Kai Hao,male,17,0,0,349232,7.8958,,Tanah Merah
953,0,2nd,Win Aung,male,32,0,0,237216,13.5,,Tanah Merah
954,0,3rd,Kamilah binti Nur Halizah,male,18,0,0,347090,7.75,,Tanah Merah
955,1,3rd,Hao Qiang Lei,female,22,0,0,334914,7.725,,Pasir Panjang
956,0,1st,Ng Ming Hong,male,13,2,2,PC 17608,262.375,B57 B59 B63 B66,Changi
957,1,2nd,Lee Jia Ling,female,,0,0,F.C.C. 13534,21,,Tanah Merah
958,1,3rd,Hao Qiang Lei,female,18,0,0,330963,7.8792,,Pasir Panjang
959,0,1st,Siti Rahayu,male,47,0,0,113796,42.4,,Tanah Merah
960,0,1st,Sim Jia Le,male,31,0,0,2543,28.5375,C53,Changi
961,1,1st,Aishwarya d/o Kumar Nair,female,60,1,4,19950,263,C23 C25 C27,Tanah Merah
962,1,3rd,Goh Li Wei,female,24,0,0,382653,7.75,,Pasir Panjang
963,0,3rd,Lim Wei Ling,male,21,0,0,349211,7.8958,,Tanah Merah
964,1,3rd,Myo Aung,female,29,0,0,3101297,7.925,,Tanah Merah
965,0,1st,Sinta Kusuma,male,28.5,0,0,PC 17562,27.7208,D43,Changi
966,1,1st,Julio Herrera,female,35,0,0,113503,211.5,C130,Changi
967,0,1st,Chua Kai Ming,male,32.5,0,0,113503,211.5,C132,Changi
968,0,3rd,Luis Perez,male,,0,0,359306,8.05,,Tanah Merah
969,1,1st,Tang Yeh Teong,female,55,2,0,11770,25.7,C101,Tanah Merah
970,0,2nd,Vishal s/o Rajesh Nair,male,30,0,0,248744,13,,Tanah Merah
971,1,3rd,Nina binti Anuar Haikel,female,24,0,0,368702,7.75,,Pasir Panjang
972,0,3rd,Teo Jun Jie,male,6,1,1,2678,15.2458,,Changi
973,0,1st,Rini Rahayu,male,67,1,0,PC 17483,221.7792,C55 C57,Tanah Merah
974,0,1st,Rina binti Ismail Yusof,male,49,0,0,19924,26,,Tanah Merah
975,0,3rd,Chua Zhi Xuan,male,,0,0,349238,7.8958,,Tanah Merah
976,0,2nd,Lee Wei Fang,male,,0,0,240261,10.7083,,Pasir Panjang
977,0,3rd,Yui Watanabe,male,,1,0,2660,14.4542,,Changi
978,1,3rd,Wong Kai Xin,female,27,0,0,330844,7.8792,,Pasir Panjang
979,1,3rd,Zhuo Qiang Lei,female,18,0,0,A/4 31416,8.05,,Tanah Merah
980,1,3rd,Anjali d/o Suresh Nair,female,,0,0,364856,7.75,,Pasir Panjang
981,0,2nd,Ko Ko,male,2,1,1,29103,23,,Tanah Merah
982,1,3rd,Monica Delgado,female,22,1,0,347072,13.9,,Tanah Merah
983,0,3rd,How Jun Ming,male,,0,0,345498,7.775,,Tanah Merah
984,1,1st,Chen Wei Liang,female,27,1,2,F.C. 12750,52,B71,Tanah Merah
985,0,3rd,Chua Jun Feng,male,,0,0,376563,8.05,,Tanah Merah
986,0,1st,May Hlaing,male,25,0,0,13905,26,,Changi
987,0,3rd,Sim Jia Wei,male,25,0,0,350033,7.7958,,Tanah Merah
988,1,1st,Thiri Min,female,76,1,0,19877,78.85,C46,Tanah Merah
989,0,3rd,Tan Kai Hong,male,29,0,0,STON/O 2. 3101268,7.925,,Tanah Merah
990,1,3rd,Geeta d/o Suresh Iyer,female,20,0,0,347471,7.8542,,Tanah Merah
991,0,3rd,Sari Indah,male,33,0,0,A./5. 3338,8.05,,Tanah Merah
992,1,1st,Nazir bin Haikel Anuar,female,43,1,0,11778,55.4417,C116,Changi
993,0,2nd,Neha Singh,male,27,1,0,228414,26,,Tanah Merah
994,0,3rd,Raihan bin Haikel Anuar,male,,0,0,365235,7.75,,Pasir Panjang
995,0,3rd,Agus Nugroho,male,26,0,0,347070,7.775,,Tanah Merah
996,1,3rd,Lorena Aguilar,female,16,1,1,2625,8.5167,,Changi
997,0,3rd,Phyu Win,male,28,0,0,C 4001,22.525,,Tanah Merah
998,0,3rd,Le Van M,male,21,0,0,330920,7.8208,,Pasir Panjang
999,0,3rd,Loh Murthy Ashvin,male,,0,0,383162,7.75,,Pasir Panjang
1000,0,3rd,Nur binti Amirah Aqsa,male,,0,0,3410,8.7125,,Tanah Merah
1001,0,2nd,Teo Li Wei,male,18.5,0,0,248734,13,F,Tanah Merah
1002,0,2nd,Teo Ming Jie,male,41,0,0,237734,15.0458,,Changi
1003,1,3rd,Rina binti Ismail Yusof,female,,0,0,330968,7.7792,,Pasir Panjang
1004,1,1st,Zara binti Khairul Haikel,female,36,0,0,PC 17531,31.6792,A29,Changi
1005,1,3rd,Chua Jun Jie,female,18.5,0,0,329944,7.2833,,Pasir Panjang
1006,1,1st,Pooja d/o Rajesh Iyer,female,63,1,0,PC 17483,221.7792,C55 C57,Tanah Merah
1007,0,3rd,Ng Ming Hao,male,18,1,0,2680,14.4542,,Changi
1008,0,3rd,Teo Wei Hao,male,,0,0,2681,6.4375,,Changi
1009,1,3rd,Hana binti Nazir Azmi,female,1,1,1,PP 9549,16.7,G6,Tanah Merah
1010,0,1st,Fatin binti Amirah Aqsa,male,36,0,0,13050,75.2417,C6,Changi
1011,1,2nd,Noppadol Thongdee,female,29,1,0,SC/AH 29037,26,,Tanah Merah
1012,1,2nd,Wichai Chaiyaporn,female,12,0,0,C.A. 33595,15.75,,Tanah Merah
1013,0,3rd,Lina binti Azmi Khairul,male,,1,0,367227,7.75,,Pasir Panjang
1014,1,1st,Rajeshwari Iyer,female,35,1,0,13236,57.75,C28,Changi
1015,0,3rd,Ravi s/o Kumar Menon,male,28,0,0,392095,7.25,,Tanah Merah
1016,0,3rd,Sim Jia Jie,male,,0,0,368783,7.75,,Pasir Panjang
1017,1,3rd,Haji Ismail bin Siti Zainab,female,17,0,1,371362,16.1,,Tanah Merah
1018,0,3rd,Lim Wei Ling,male,22,0,0,350045,7.7958,,Tanah Merah
1019,1,3rd,Siddharth s/o Mohan Menon,female,,2,0,367226,23.25,,Pasir Panjang
1020,0,2nd,Sofia binti Anuar Haikel,male,42,0,0,211535,13,,Tanah Merah
1021,0,3rd,Yui Watanabe,male,24,0,0,342441,8.05,,Tanah Merah
1022,0,3rd,Ravi s/o Rajesh Menon,male,32,0,0,STON/OQ. 369943,8.05,,Tanah Merah
1023,0,1st,Vikram s/o Suresh Pillai,male,53,0,0,113780,28.5,C51,Changi
1024,1,3rd,Qin Fang Liang,female,,0,4,4133,25.4667,,Tanah Merah
1025,0,3rd,Deepa d/o Suresh Iyer,male,,1,0,2621,6.4375,,Changi
1026,0,3rd,Nguyen Van A,male,43,0,0,349226,7.8958,,Tanah Merah
1027,0,3rd,Chua Jun Wei,male,24,0,0,350409,7.8542,,Tanah Merah
1028,0,3rd,Goh Jia Hui,male,26.5,0,0,2656,7.225,,Changi
1029,0,2nd,Daiki Tanaka,male,26,0,0,248659,13,,Tanah Merah
1030,1,3rd,Hla Myo,female,23,0,0,SOTON/OQ 392083,8.05,,Tanah Merah
1031,0,3rd,Goh Jia Sheng,male,40,1,6,CA 2144,46.9,,Tanah Merah
1032,1,3rd,Suresh Verma,female,10,5,2,CA 2144,46.9,,Tanah Merah
1033,1,1st,Rosa Sanchez,female,33,0,0,113781,151.55,,Tanah Merah
1034,0,1st,Lee Wei Ling,male,61,1,3,PC 17608,262.375,B57 B59 B63 B66,Changi
1035,0,2nd,Chua Jia Hui,male,28,0,0,244358,26,,Tanah Merah
1036,0,1st,Hassan bin Siti Aminah,male,42,0,0,17475,26.55,,Tanah Merah
1037,0,3rd,Wong Zhi Liang,male,31,3,0,345763,18,,Tanah Merah
1038,0,1st,Tan Wei Ling,male,,0,0,17463,51.8625,E46,Tanah Merah
1039,0,3rd,Oli binti Syafirah Nur,male,22,0,0,SC/A4 23568,8.05,,Tanah Merah
1040,0,1st,Farah binti Anuar Haikel,male,,0,0,113791,26.55,,Tanah Merah
1041,0,2nd,Hao Fang Li,male,30,1,1,250651,26,,Tanah Merah
1042,1,1st,Yuto Kobayashi,female,23,0,1,11767,83.1583,C54,Changi
1043,0,3rd,Ng Yong Ming,male,,0,0,349255,7.8958,,Changi
1044,0,3rd,Jeon Haein,male,60.5,0,0,3701,,,Tanah Merah
1045,1,3rd,Yeo Li Wei,female,36,0,2,350405,12.1833,,Tanah Merah
1046,0,3rd,Oh Hyunwoo,male,13,4,2,347077,31.3875,,Tanah Merah
1047,0,3rd,Vivek Agarwal,male,24,0,0,S.O./P.P. 752,7.55,,Tanah Merah
1048,1,1st,Sneha d/o Ravi Menon,female,29,0,0,PC 17483,221.7792,C97,Tanah Merah
1049,1,3rd,Teo Wei Jie,female,23,0,0,347469,7.8542,,Tanah Merah
1050,0,1st,Haikel bin Khairul Haikel,male,42,0,0,110489,26.55,D22,Tanah Merah
1051,1,3rd,Wani binti Anuar Haikel,female,26,0,2,SOTON/O.Q. 3101315,13.775,,Tanah Merah
1052,1,3rd,Jannah binti Kiran Nur,female,,0,0,335432,7.7333,,Pasir Panjang
1053,0,3rd,Aqsa binti Halizah Khadijah,male,7,1,1,2650,15.2458,,Changi
1054,1,2nd,Tan Wei Liang,female,26,0,0,220844,13.5,,Tanah Merah
1055,0,3rd,Lim Wei Liang,male,,0,0,343271,7,,Tanah Merah
1056,0,2nd,Yeo Ming Liang,male,41,0,0,237393,13,,Tanah Merah
1057,1,3rd,Maya binti Haikel Anuar,female,26,1,1,315153,22.025,,Tanah Merah
1058,0,1st,Rajesh s/o Kumar Nair,male,48,0,0,PC 17591,50.4958,B10,Changi
1059,0,3rd,Chia Loh Govind,male,18,2,2,W./C. 6608,34.375,,Tanah Merah
1060,1,1st,Teo Wei Ming,female,,0,0,17770,27.7208,,Changi
1061,1,3rd,Anuar bin Khairul Haikel,female,22,0,0,7548,8.9625,,Tanah Merah
1062,0,3rd,Nazir bin Haikel Anuar,male,,0,0,S.O./P.P. 251,7.55,,Tanah Merah
1063,0,3rd,Leticia Ortiz,male,27,0,0,2670,7.225,,Changi
1064,0,3rd,Tan Wei Ling,male,23,1,0,347072,13.9,,Tanah Merah
1065,0,3rd,Vivek Khurana,male,,0,0,2673,7.2292,,Changi
1066,0,3rd,Sarawut Chaiyaporn,male,40,1,5,347077,31.3875,,Tanah Merah
1067,1,2nd,Ng Jia Sheng,female,15,0,2,29750,39,,Tanah Merah
1068,1,2nd,Qistina binti Sulaiman Rahman,female,20,0,0,C.A. 33112,36.75,,Tanah Merah
1069,0,1st,Chen Wei Ling,male,54,1,0,11778,55.4417,C116,Changi
1070,1,2nd,Priya Patel,female,36,0,3,230136,39,F4,Tanah Merah
1071,1,1st,Lee Jia Ming,female,64,0,2,PC 17756,83.1583,E45,Changi
1072,0,2nd,Kwon Eunji,male,30,0,0,233478,13,,Tanah Merah
1073,0,1st,Haikel bin Nazir Azmi,male,37,1,1,PC 17756,83.1583,E52,Changi
1074,1,1st,Priya d/o Suresh Menon,female,18,1,0,113773,53.1,D30,Tanah Merah
1075,0,3rd,Lalitha d/o Anil Menon,male,,0,0,7935,7.75,,Pasir Panjang
1076,1,1st,Sim Jia Xuan,female,27,1,1,PC 17558,247.5208,B58 B60,Changi
1077,0,2nd,Vijay s/o Anil Menon,male,40,0,0,239059,16,,Tanah Merah
1078,1,2nd,Ahmad bin Sulaiman Rahman,female,21,0,1,S.O./P.P. 2,21,,Tanah Merah
1079,0,3rd,Teo Wei Jie,male,17,2,0,A/4 48873,8.05,,Tanah Merah
1080,1,3rd,Wong Wei Ling,female,,8,2,CA. 2343,69.55,,Tanah Merah
1081,0,2nd,Vivek Agarwal,male,40,0,0,28221,13,,Tanah Merah
1082,0,2nd,Chen Wei Jie,male,34,1,0,226875,26,,Tanah Merah
1083,0,1st,Lee Wei Sheng,male,,0,0,111163,26,,Tanah Merah
1084,0,3rd,Deepika Menon,male,11.5,1,1,A/5. 851,14.5,,Tanah Merah
1085,0,2nd,Sim Jun Hao,male,61,0,0,235509,12.35,,Pasir Panjang
1086,0,2nd,Ajay s/o Kumar Menon,male,8,0,2,28220,32.5,,Tanah Merah
1087,0,3rd,Chung Eunji,male,33,0,0,347465,7.8542,,Tanah Merah
1088,0,1st,Chua Jia Ling,male,6,0,2,16966,134.5,E34,Changi
1089,1,3rd,Raihan bin Haikel Anuar,female,18,0,0,347066,7.775,,Tanah Merah
1090,0,2nd,Wong Zhi Liang,male,23,0,0,C.A. 31030,10.5,,Tanah Merah
1091,1,3rd,Wei Ming Hao,female,,0,0,65305,8.1125,,Tanah Merah
1092,1,3rd,Ng Ming Feng,female,,0,0,36568,15.5,,Pasir Panjang
1093,0,3rd,Nguyen Van AK,male,0.33,0,2,347080,14.4,,Tanah Merah
1094,0,1st,Liang Wei Jie,male,47,1,0,PC 17757,227.525,C62 C64,Changi
1095,1,2nd,Norazizah binti Haji Hassan,female,8,1,1,26360,26,,Tanah Merah
1096,0,2nd,Deepa Choudhary,male,25,0,0,C.A. 34050,10.5,,Tanah Merah
1097,0,1st,Aisyah binti Ismail Yusof,male,,0,0,F.C. 12998,25.7417,,Changi
1098,1,3rd,Tan Jia Hui,female,35,0,0,9232,7.75,,Pasir Panjang
1099,0,2nd,Yeo Ming Feng,male,24,0,0,28034,10.5,,Tanah Merah
1100,1,1st,Sim Li Wei,female,33,0,0,PC 17613,27.7208,A11,Changi
1101,0,3rd,Radha d/o Suresh Nair,male,25,0,0,349250,7.8958,,Tanah Merah
1102,0,3rd,Teo Wei Hong,male,32,0,0,C 4001,22.525,,Tanah Merah
1103,0,3rd,Lim Jia Xuan,male,,0,0,SOTON/O.Q. 3101308,7.05,,Tanah Merah
1104,0,2nd,Victor Cervantes,male,17,0,0,S.O.C. 14879,73.5,,Tanah Merah
1105,1,2nd,Amitabh Gupta,female,60,1,0,24065,26,,Tanah Merah
1106,1,3rd,Hao Qiang Lei,female,38,4,2,347091,7.775,,Tanah Merah
1107,0,1st,Pablo Mendoza,male,42,0,0,113038,42.5,B11,Tanah Merah
1108,1,3rd,Catalina Pineda,female,,0,0,330924,7.8792,,Pasir Panjang
1109,0,1st,Karthik s/o Suresh Pillai,male,57,1,1,36928,164.8667,,Tanah Merah
1110,1,1st,Sim Wei Hui,female,50,1,1,113503,211.5,C80,Changi
1111,0,3rd,Narongchai Phromsuk,male,,0,0,32302,8.05,,Tanah Merah
1112,1,2nd,Pham Van AC,female,30,1,0,SC/PARIS 2148,13.8583,,Changi
1113,0,3rd,Sim Jia Hong,male,21,0,0,342684,8.05,,Tanah Merah
1114,1,2nd,Ng Ming Sheng,female,22,0,0,W./C. 14266,10.5,F33,Tanah Merah
1115,0,3rd,Suthep Wongthong,male,21,0,0,350053,7.7958,,Tanah Merah
1116,1,1st,Kiran binti Nur Khadijah,female,53,0,0,PC 17606,27.4458,,Changi
1117,1,3rd,Anita Nair,female,,0,2,2661,15.2458,,Changi
1118,0,3rd,Suthep Wongthong,male,23,0,0,350054,7.7958,,Tanah Merah
1119,1,3rd,Priya Patel,female,,0,0,370368,7.75,,Pasir Panjang
1120,0,3rd,Tao Jie Fang,male,40.5,0,0,C.A. 6212,15.1,,Tanah Merah
1121,0,2nd,Sarawut Chaiyaporn,male,36,0,0,242963,13,,Tanah Merah
1122,0,2nd,Sarita Nair,male,14,0,0,220845,65,,Tanah Merah
1123,1,1st,Somsri Naksuwan,female,21,0,0,113795,26.55,,Tanah Merah
1124,0,3rd,Wong Zhi Ming,male,21,1,0,3101266,6.4958,,Tanah Merah
1125,0,3rd,Lim Wei Ming,male,,0,0,330971,7.8792,,Pasir Panjang
1126,0,1st,Ratna Indah,male,39,1,0,PC 17599,71.2833,C85,Changi
1127,0,3rd,Deepa Choudhary,male,20,0,0,350416,7.8542,,Tanah Merah
1128,0,1st,Aditya Wijaya,male,64,1,0,110813,75.25,D37,Changi
1129,0,3rd,Syafiq bin Anuar Haikel,male,20,0,0,2679,7.225,,Changi
1130,1,2nd,Hoang Thi T,female,18,1,1,250650,13,,Tanah Merah
1131,1,1st,Ahmad bin Haji Hassan,female,48,1,0,PC 17761,106.425,C86,Changi
1132,1,1st,Neha d/o Suresh Nair,female,55,0,0,112377,27.7208,,Changi
1133,1,2nd,Chua Jun Kai,female,45,0,2,237789,30,,Tanah Merah
1134,0,1st,Sim Jia Kai,male,45,1,1,16966,134.5,E34,Changi
1135,0,3rd,Rajeshwari Iyer,male,,0,0,3470,7.8875,,Tanah Merah
1136,0,3rd,Rakesh s/o Anil Iyer,male,,1,2,W./C. 6607,23.45,,Tanah Merah
1137,0,1st,Irfan bin Yusof Anuar,male,41,1,0,17464,51.8625,D21,Tanah Merah
1138,1,2nd,Narongchai Phromsuk,female,22,0,0,F.C.C. 13534,21,,Tanah Merah
1139,0,2nd,Narongchai Phromsuk,male,42,1,1,28220,32.5,,Tanah Merah
1140,1,2nd,Hoang Van AS,female,29,1,0,26707,26,,Tanah Merah
1141,1,3rd,Umairah binti Azmi Khairul,female,,1,0,2660,14.4542,,Changi
1142,1,2nd,Nisha d/o Anil Nair,female,0.92,1,2,C.A. 34651,27.75,,Tanah Merah
1143,0,3rd,Yeo Ming Sheng,male,20,0,0,SOTON/O2 3101284,7.925,,Tanah Merah
1144,0,1st,Ng Ming Hao,male,27,1,0,13508,136.7792,C89,Changi
1145,0,3rd,Hla Zin,male,24,0,0,7266,9.325,,Tanah Merah
1146,0,3rd,Deepa d/o Suresh Iyer,male,32.5,0,0,345775,9.5,,Tanah Merah
1147,0,3rd,Sanjay s/o Anil Menon,male,,0,0,C.A. 42795,7.55,,Tanah Merah
1148,0,3rd,Ahmad bin Abdullah Rahman,male,,0,0,AQ/4 3130,7.75,,Pasir Panjang
1149,0,3rd,Kiran binti Syafirah Amirah,male,28,0,0,363611,8.05,,Tanah Merah
1150,1,2nd,Dewi Rahayu,female,19,0,0,28404,13,,Tanah Merah
1151,0,3rd,Suthep Wongthong,male,21,0,0,345501,7.775,,Tanah Merah
1152,0,3rd,Moon Taeyang,male,36.5,1,0,345572,17.4,,Tanah Merah
1153,0,3rd,Zeng Yong Quan,male,21,0,0,350410,7.8542,,Tanah Merah
1154,1,2nd,Seo Donghae,female,29,0,2,29103,23,,Tanah Merah
1155,1,3rd,Su Zin,female,1,1,1,350405,12.1833,,Tanah Merah
1156,0,2nd,Chua Wei Ming,male,30,0,0,C.A. 34644,12.7375,,Changi
1157,0,3rd,Anjali d/o Ravi Pillai,male,,0,0,349235,7.8958,,Tanah Merah
1158,0,1st,Pranav s/o Suresh Nair,male,,0,0,112051,0,,Tanah Merah
1159,0,3rd,Vikram s/o Ramesh Pillai,male,,0,0,C.A. 49867,7.55,,Tanah Merah
1160,1,3rd,Lim Wei Hui,female,,0,0,A. 2. 39186,8.05,,Tanah Merah
1161,0,3rd,Haji Ismail bin Siti Zainab,male,17,0,0,315095,8.6625,,Tanah Merah
1162,0,1st,Teo Kai Ling,male,46,0,0,13050,75.2417,C6,Changi
1163,0,3rd,Amirah binti Syafirah Nur,male,,0,0,368573,7.75,,Pasir Panjang
1164,1,1st,Nguyen Van AA,female,26,1,0,13508,136.7792,C89,Changi
1165,1,3rd,Nisha Bhatia,female,,1,0,370371,15.5,,Pasir Panjang
1166,0,3rd,Hadi Setiawan,male,,0,0,2676,7.225,,Changi
1167,1,2nd,Eko Nugroho,female,20,1,0,236853,26,,Tanah Merah
1168,0,2nd,Noppadol Thongdee,male,28,0,0,SC 14888,10.5,,Tanah Merah
1169,0,2nd,Vijay s/o Suresh Nair,male,40,1,0,2926,26,,Tanah Merah
1170,0,2nd,Sim Jia Ming,male,30,1,0,CA 31352,21,,Tanah Merah
1171,0,2nd,Nwe Zin,male,22,0,0,W./C. 14260,10.5,,Tanah Merah
1172,1,3rd,Umairah binti Azmi Khairul,female,23,0,0,315085,8.6625,,Tanah Merah
1173,0,3rd,Sora Yamamoto,male,0.75,1,1,SOTON/O.Q. 3101315,13.775,,Tanah Merah
1174,1,3rd,Sim Wei Ling,female,,0,0,364859,7.75,,Pasir Panjang
1175,1,3rd,Teo Zhi Wei,female,9,1,1,2650,15.2458,,Changi
1176,1,3rd,Goh Jia Hao,female,2,1,1,370129,20.2125,,Tanah Merah
1177,0,3rd,Dina binti Haikel Anuar,male,36,0,0,A/5 21175,7.25,,Tanah Merah
1178,0,3rd,Wong Kai Hong,male,,0,0,SOTON/O.Q. 3101314,7.25,,Tanah Merah
1179,0,1st,Haruto Tanaka,male,24,1,0,21228,82.2667,B45,Tanah Merah
1180,0,3rd,Lim Wei Ming,male,,0,0,2655,7.2292,F E46,Changi
1181,0,3rd,Suthep Wongthong,male,,0,0,A/5 1478,8.05,,Tanah Merah
1182,0,1st,Wong Ming Wei,male,,0,0,PC 17607,39.6,,Tanah Merah
1183,1,3rd,Anuar bin Nazir Azmi,female,30,0,0,382650,6.95,,Pasir Panjang
1184,0,3rd,Haji Yusof bin Siti Aminah,male,,0,0,2652,7.2292,,Changi
1185,0,1st,Goh Jia Ming,male,53,1,1,33638,81.8583,A34,Tanah Merah
1186,0,3rd,Irfan bin Nazir Azmi,male,36,0,0,345771,9.5,,Tanah Merah
1187,0,3rd,Lee Wei Ming,male,26,0,0,349202,7.8958,,Tanah Merah
1188,1,2nd,Aoi Nakamura,female,1,1,2,SC/Paris 2123,41.5792,,Changi
1189,0,3rd,Kiran binti Nur Khadijah,male,,2,0,2662,21.6792,,Changi
1190,0,1st,Tan Kai Ling,male,30,0,0,113801,45.5,,Tanah Merah
1191,0,3rd,Ng Ming Feng,male,29,0,0,347467,7.8542,,Tanah Merah
1192,0,3rd,Irfan bin Nazir Azmi,male,32,0,0,347079,7.775,,Tanah Merah
1193,0,2nd,Dina binti Haikel Anuar,male,,0,0,237735,15.0458,D,Changi
1194,0,2nd,Rohan s/o Mohan Nair,male,43,0,1,S.O./P.P. 2,21,,Tanah Merah
1195,0,3rd,Geeta d/o Suresh Iyer,male,24,0,0,315092,8.6625,,Tanah Merah
1196,1,3rd,Tan Wei Ming,female,,0,0,383123,7.75,,Pasir Panjang
1197,1,1st,Hadi Anggraini,female,64,1,1,112901,26.55,B26,Tanah Merah
1198,0,1st,Chua Jun Liang,male,30,1,2,113781,151.55,C22 C26,Tanah Merah
1199,0,3rd,Sim Li Wei,male,0.83,0,1,392091,9.35,,Tanah Merah
1200,0,1st,Mohammad bin Haji Ali,male,55,1,1,12749,93.5,B69,Tanah Merah
1201,1,3rd,Teo Jun Wei,female,45,1,0,350026,14.1083,,Tanah Merah
1202,0,3rd,Suthep Wongthong,male,18,0,0,315091,8.6625,,Tanah Merah
1203,0,3rd,Teo Wei Xuan,male,22,0,0,2658,7.225,,Changi
1204,0,3rd,Narongchai Phromsuk,male,,0,0,LP 1588,7.575,,Tanah Merah
1205,1,3rd,Sim Wei Ling,female,37,0,0,368364,7.75,,Pasir Panjang
1206,1,1st,Putri binti Kiran Amirah,female,55,0,0,PC 17760,135.6333,C32,Changi
1207,1,3rd,Sarita Nair,female,17,0,0,AQ/3. 30631,7.7333,,Pasir Panjang
1208,0,1st,Sunita Rana,male,57,1,0,PC 17569,146.5208,B78,Changi
1209,0,2nd,Roberto Guzman,male,19,0,0,28004,10.5,,Tanah Merah
1210,0,3rd,Yeo Ming Jie,male,27,0,0,350408,7.8542,,Tanah Merah
1211,0,2nd,Choong Zheng De,male,22,2,0,C.A. 31029,31.5,,Tanah Merah
1212,0,3rd,Divya d/o Mohan Menon,male,26,0,0,347075,7.775,,Tanah Merah
1213,0,3rd,Sim Jun Hao,male,25,0,0,2654,7.2292,F E57,Changi
1214,0,2nd,Maria Garcia,male,26,0,0,244368,13,F2,Tanah Merah
1215,0,1st,Wong Jia Ling,male,33,0,0,113790,26.55,,Tanah Merah
1216,1,1st,Goh Jia Liang,female,39,0,0,24160,211.3375,,Tanah Merah
1217,0,3rd,Goh Wei Ling,male,23,0,0,SOTON/O.Q. 3101309,7.05,,Tanah Merah
1218,1,2nd,Boonmee Thongdee,female,12,2,1,230136,39,F4,Tanah Merah
1219,0,1st,Sim Wei Fang,male,46,0,0,PC 17585,79.2,,Changi
1220,0,2nd,Liyana binti Aqsa Nur,male,29,1,0,2003,26,,Tanah Merah
1221,0,2nd,Teo Li Wei,male,21,0,0,236854,13,,Tanah Merah
1222,1,2nd,Sarawut Chaiyaporn,female,48,0,2,C.A. 33112,36.75,,Tanah Merah
1223,0,1st,Vishal s/o Rajesh Nair,male,39,0,0,PC 17580,29.7,A18,Changi
1224,0,3rd,Thet Htar,male,,0,0,2684,7.225,,Changi
1225,1,3rd,Izzah binti Syafirah Amirah,female,19,1,1,2653,15.7417,,Changi
1226,0,3rd,Ng Yong Hong,male,27,0,0,349229,7.8958,,Tanah Merah
1227,0,1st,Ng Yong Wei,male,30,0,0,110469,26,C106,Tanah Merah
1228,0,2nd,Goh Jia Hao,male,32,0,0,244360,13,,Tanah Merah
1229,0,3rd,Kavya d/o Kumar Menon,male,39,0,2,2675,7.2292,,Changi
1230,0,2nd,Lim Wei Ming,male,25,0,0,C.A. 31029,31.5,,Tanah Merah
1231,0,3rd,Rahul Kapoor,male,,0,0,2622,7.2292,,Changi
1232,0,2nd,Goh Jia Hong,male,18,0,0,C.A. 15185,10.5,,Tanah Merah
1233,0,3rd,Kyaw Zin,male,32,0,0,350403,7.5792,,Tanah Merah
1234,0,3rd,Le Van C,male,,1,9,CA. 2343,69.55,,Tanah Merah
1235,1,1st,Park Soo,female,58,0,1,PC 17755,512.3292,B51 B53 B55,Changi
1236,0,3rd,Bae Yuna,male,,1,1,A/5. 851,14.5,,Tanah Merah
1237,1,3rd,Irfan bin Nazir Azmi,female,16,0,0,348125,7.65,,Tanah Merah
1238,0,2nd,Zulaikha binti Haikel Anuar,male,26,0,0,237670,13,,Tanah Merah
1239,1,3rd,Ana Torres,female,38,0,0,2688,7.2292,,Changi
1240,0,2nd,Zubaidah binti Abdul Rahman,male,24,0,0,248726,13.5,,Tanah Merah
1241,1,2nd,Haji Yusof bin Siti Aminah,female,31,0,0,F.C.C. 13528,21,,Tanah Merah
1242,1,1st,Aqsa binti Halizah Khadijah,female,45,0,1,PC 17759,63.3583,D10 D12,Changi
1243,0,2nd,Ren Ito,male,25,0,0,F.C.C. 13540,10.5,,Tanah Merah
1244,0,2nd,Lim Jia Sheng,male,18,0,0,S.O.C. 14879,73.5,,Tanah Merah
1245,0,2nd,Sim Ming Jie,male,49,1,2,220845,65,,Tanah Merah
1246,1,3rd,Dewi Lestari,female,0.17,1,2,C.A. 2315,20.575,,Tanah Merah
1247,0,1st,Teo Wei Ling,male,50,0,0,113044,26,E60,Tanah Merah
1248,1,1st,Lim Jia Wei,female,59,2,0,11769,51.4792,C101,Tanah Merah
1249,0,3rd,Goh Jia Ming,male,,0,0,1222,7.8792,,Tanah Merah
1250,0,3rd,Pun De Kang,male,,0,0,368402,7.75,,Pasir Panjang
1251,1,3rd,Izzah binti Syafirah Amirah,female,30,1,0,349910,15.55,,Tanah Merah
1252,0,3rd,Jannah binti Kiran Nur,male,14.5,8,2,CA. 2343,69.55,,Tanah Merah
1253,1,2nd,Narongchai Phromsuk,female,24,1,1,S.C./PARIS 2079,37.0042,,Changi
1254,1,2nd,Lim Jisoo,female,31,0,0,CA 31352,21,,Tanah Merah
1255,0,3rd,Wong Kai Xuan,male,27,0,0,315083,8.6625,,Tanah Merah
1256,1,1st,Narongchai Phromsuk,female,25,1,0,11765,55.4417,E50,Changi
1257,1,3rd,Aruna Singh,female,,1,9,CA. 2343,69.55,,Tanah Merah
1258,0,3rd,Tan Kai Liang,male,,1,0,2689,14.4583,,Changi
1259,1,3rd,Tan Jia Wei,female,22,0,0,3101295,39.6875,,Tanah Merah
1260,1,1st,Anjali Gupta,female,45,0,1,112378,59.4,,Changi
1261,0,2nd,Ravi Desai,male,29,0,0,SC/PARIS 2147,13.8583,,Changi
1262,0,2nd,Haruki Saito,male,21,1,0,28133,11.5,,Tanah Merah
1263,1,1st,Aqsa binti Nur Halizah,female,31,0,0,16966,134.5,E39 E41,Changi
1264,0,1st,Lee Joon,male,49,0,0,112058,0,B52 B54 B56,Tanah Merah
1265,0,2nd,Haji Ali bin Siti Zainab,male,44,0,0,248746,13,,Tanah Merah
1266,1,1st,Suthep Wongthong,female,54,1,1,33638,81.8583,A34,Tanah Merah
1267,1,1st,Rina d/o Rajesh Pillai,female,45,0,0,PC 17608,262.375,,Changi
1268,1,3rd,Sim Jia Hao,female,22,2,0,315152,8.6625,,Tanah Merah
1269,0,2nd,Noraini binti Abdul Rahman,male,21,0,0,29107,11.5,,Tanah Merah
1270,0,1st,Riku Takahashi,male,55,0,0,680,50,C39,Tanah Merah
1271,0,3rd,Wong Kai Ling,male,5,4,2,347077,31.3875,,Tanah Merah
1272,0,3rd,Ravi s/o Rajesh Menon,male,,0,0,366713,7.75,,Pasir Panjang
1273,0,3rd,Goh Jia Xuan,male,26,0,0,330910,7.8792,,Pasir Panjang
1274,1,3rd,Nadia binti Nur Khadijah,female,,0,0,364498,14.5,,Tanah Merah
1275,1,3rd,Goh Kai Ling,female,19,1,0,376566,16.1,,Tanah Merah
1276,0,2nd,Zeng Yong Quan,male,,0,0,SC/PARIS 2159,12.875,,Tanah Merah
1277,1,2nd,Ng Yong Hong,female,24,1,2,220845,65,,Tanah Merah
1278,0,3rd,Halizah binti Nur Khadijah,male,24,0,0,349911,7.775,,Tanah Merah
1279,0,2nd,Yeo Jia Ming,male,57,0,0,244346,13,,Tanah Merah
1280,0,3rd,Tran Thi AP,male,21,0,0,364858,7.75,,Pasir Panjang
1281,0,3rd,Tan Kai Xuan,male,6,3,1,349909,21.075,,Tanah Merah
1282,0,1st,Sofia Martinez,male,23,0,0,12749,93.5,B24,Tanah Merah
1283,1,1st,Teo Wei Liang,female,51,0,1,PC 17592,39.4,D28,Tanah Merah
1284,0,3rd,Aminah binti Mohd Ali,male,13,0,2,C.A. 2673,20.25,,Tanah Merah
1285,0,2nd,Sari Cahaya,male,47,0,0,C.A. 30769,10.5,,Tanah Merah
1286,0,3rd,Yeo Jia Hao,male,29,3,1,315153,22.025,,Tanah Merah
1287,1,1st,Lim Jia Hui,female,18,1,0,13695,60,C31,Tanah Merah
1288,0,3rd,Sanjay s/o Anil Menon,male,24,0,0,371109,7.25,,Pasir Panjang
1289,1,1st,Nisha d/o Anil Nair,female,48,1,1,13567,79.2,B41,Changi
1290,0,3rd,Isabel Gomez,male,22,0,0,347065,7.775,,Tanah Merah
1291,0,3rd,Suthep Wongthong,male,31,0,0,21332,7.7333,,Pasir Panjang
1292,1,1st,Wong Kai Ming,female,30,0,0,36928,164.8667,C7,Tanah Merah
1293,0,2nd,Wong Wei Hao,male,38,1,0,28664,21,,Tanah Merah
1294,1,1st,Teong Prabu Navin,female,22,0,1,112378,59.4,,Changi
1295,0,1st,Sanjay s/o Anil Menon,male,17,0,0,113059,47.1,,Tanah Merah
1296,0,1st,Ng Yong Hao,male,43,1,0,17765,27.7208,D40,Changi
1297,0,2nd,Sim Kai Xin,male,20,0,0,SC/PARIS 2166,13.8625,D38,Changi
1298,0,2nd,Sangeeta Patel,male,23,1,0,28666,10.5,,Tanah Merah
1299,0,1st,Sara binti Nazir Azmi,male,50,1,1,113503,211.5,C80,Changi
1300,1,3rd,Sim Wei Jie,female,,0,0,334915,7.7208,,Pasir Panjang
1301,1,3rd,Arun Khanna,female,3,1,1,SOTON/O.Q. 3101315,13.775,,Tanah Merah
1302,1,3rd,Zaitun binti Abdul Rahman,female,,0,0,365237,7.75,,Pasir Panjang
1303,1,1st,Wichai Chaiyaporn,female,37,1,0,19928,90,C78,Pasir Panjang
1304,1,3rd,Nisha Bhatia,female,28,0,0,347086,7.775,,Tanah Merah
1305,0,3rd,Haji Ismail bin Siti Zainab,male,,0,0,A.5. 3236,8.05,,Tanah Merah
1306,1,1st,Hadi Kurniawan,female,39,0,0,PC 17758,108.9,C105,Changi
1307,0,3rd,Yeo Zhi Wei,male,38.5,0,0,SOTON/O.Q. 3101262,7.25,,Tanah Merah
1308,0,3rd,Goh Jia Hui,male,,0,0,359309,8.05,,Tanah Merah
1309,0,3rd,Aravind s/o Anil Menon,male,,1,1,2668,22.3583,,Changi